area,bedrooms,bathrooms,floors,age,parking,price,furnishing_semi-furnished,furnishing_unfurnished,location_suburban,location_urban,total_rooms,price_per_sqft,house_age_score,room_density,parking_per_room
1360,2,1,2,15,2,4217736,True,False,False,False,3,3101.2764705882355,15,0.0022058823529411764,0.5
4272,3,3,1,18,2,13111470,False,True,False,True,6,3069.1643258426966,12,0.0014044943820224719,0.2857142857142857
3592,1,2,1,15,0,10922395,True,False,True,False,3,3040.755846325167,15,0.0008351893095768374,0.0
966,1,2,2,6,2,3232953,False,True,False,True,3,3346.7422360248447,24,0.003105590062111801,0.5
4926,2,1,2,13,1,14866507,True,False,False,False,3,3017.967316280958,17,0.0006090133982947625,0.25
3944,5,3,1,27,2,12124969,False,True,True,False,8,3074.282200811359,3,0.002028397565922921,0.2222222222222222
3671,1,2,1,13,1,11094493,True,False,False,False,3,3022.1991283029147,17,0.0008172160174339417,0.25
3419,1,1,1,24,2,10233523,False,True,True,False,2,2993.133372331091,6,0.000584966364434045,0.6666666666666666
630,3,3,1,26,0,1946923,True,False,False,False,6,3090.353968253968,4,0.009523809523809525,0.0
2185,4,2,2,3,2,7162190,False,False,True,False,6,3277.890160183066,27,0.002745995423340961,0.2857142857142857
1269,2,2,1,25,1,3874761,True,False,True,False,4,3053.3971631205673,5,0.0031520882584712374,0.2
2891,2,3,2,14,1,8904169,False,True,True,False,5,3079.9616049809756,16,0.0017295053614666206,0.16666666666666666
2933,5,3,2,2,2,9484641,False,False,True,False,8,3233.7678145243776,28,0.002727582679849983,0.2222222222222222
1684,5,3,2,4,1,5424990,True,False,False,False,8,3221.4904988123517,26,0.004750593824228029,0.1111111111111111
3885,2,3,1,0,1,12034661,False,False,False,False,5,3097.724839124839,30,0.001287001287001287,0.16666666666666666
4617,5,1,1,2,0,14214419,True,False,True,False,6,3078.713233701538,28,0.001299545159194282,0.0
3404,3,3,2,14,2,10646457,False,False,True,False,6,3127.6313160987074,16,0.0017626321974148062,0.2857142857142857
974,2,2,2,23,2,2989600,False,True,False,False,4,3069.4045174537987,7,0.004106776180698152,0.4
1582,5,2,2,26,2,5042102,True,False,True,False,7,3187.1694058154235,4,0.004424778761061947,0.25
3058,2,1,1,7,1,9377085,True,False,True,False,3,3066.4110529758013,23,0.0009810333551340746,0.25
2547,4,2,2,28,2,7888064,False,True,True,False,6,3097.001963093836,2,0.002355712603062426,0.2857142857142857
3247,1,2,1,3,2,10251654,False,False,False,True,3,3157.2694795195566,27,0.0009239297813366184,0.5
1475,2,3,2,1,0,4741130,False,True,True,False,5,3214.3254237288133,29,0.003389830508474576,0.0
2306,1,2,2,28,0,6980042,False,True,False,True,3,3026.90459670425,2,0.0013009540329575022,0.0
689,5,1,2,23,0,2467134,False,False,True,False,6,3580.7460087082727,7,0.008708272859216255,0.0
3234,1,3,1,23,1,9664982,False,True,False,False,4,2988.5534941249225,7,0.0012368583797155227,0.2
3505,2,3,1,9,2,10943422,True,False,False,True,5,3122.2316690442226,21,0.0014265335235378032,0.3333333333333333
2399,4,1,2,3,0,7692185,True,False,False,True,5,3206.4130887869946,27,0.0020842017507294707,0.0
1767,5,3,1,2,0,5744477,True,False,True,False,8,3250.9773627617433,28,0.004527447651386531,0.0
2028,2,3,2,1,0,6446709,False,True,True,False,5,3178.8505917159764,29,0.002465483234714004,0.0
3702,5,1,1,24,2,11404716,True,False,False,True,6,3080.6904376012967,6,0.0016207455429497568,0.2857142857142857
4056,3,3,1,16,2,12356137,True,False,False,False,6,3046.3848619329387,14,0.0014792899408284023,0.2857142857142857
4390,1,1,1,22,2,13096018,True,False,False,False,2,2983.1476082004556,8,0.00045558086560364467,0.6666666666666666
1146,3,1,2,20,1,3576061,True,False,True,False,4,3120.4720767888307,10,0.0034904013961605585,0.2
3388,2,2,1,23,1,10112609,True,False,False,False,4,2984.8314639905548,7,0.0011806375442739079,0.2
2935,4,2,1,19,0,8900371,True,False,False,False,6,3032.494378194208,11,0.0020442930153321977,0.0
1100,5,3,2,22,2,3673021,False,True,True,False,8,3339.11,8,0.007272727272727273,0.2222222222222222
2863,1,3,2,12,0,8659805,True,False,False,False,4,3024.7310513447433,18,0.0013971358714634998,0.0
2561,5,1,2,4,2,8100857,True,False,True,False,6,3163.16165560328,26,0.0023428348301444747,0.2857142857142857
741,2,3,2,29,2,2554620,False,False,False,True,5,3447.5303643724696,1,0.006747638326585695,0.3333333333333333
2541,5,1,1,20,2,7841177,False,True,True,False,6,3085.8626524990163,10,0.0023612750885478157,0.2857142857142857
3324,1,1,1,29,1,10002111,False,True,False,True,2,3009.058664259928,1,0.0006016847172081829,0.3333333333333333
3112,2,3,1,8,1,9744578,False,True,False,True,5,3131.2911311053986,22,0.0016066838046272494,0.16666666666666666
1863,5,1,1,24,2,5743181,False,True,False,False,6,3082.7595276435854,6,0.00322061191626409,0.2857142857142857
1978,4,2,1,28,0,5993941,True,False,False,False,6,3030.3038422649142,2,0.003033367037411527,0.0
3056,2,3,2,24,2,9199826,True,False,False,False,5,3010.4142670157066,6,0.0016361256544502618,0.3333333333333333
1275,2,2,1,27,2,4008890,False,False,True,False,4,3144.227450980392,3,0.003137254901960784,0.4
4514,4,3,1,21,0,13844428,False,False,False,False,7,3066.9977846699157,9,0.0015507310589277803,0.0
534,3,1,1,5,2,2020031,False,True,False,True,4,3782.8295880149813,25,0.00749063670411985,0.4
3652,1,3,2,4,0,11311020,False,False,False,False,4,3097.212486308872,26,0.001095290251916758,0.0
2455,3,2,2,24,1,7540495,False,False,False,False,5,3071.4847250509165,6,0.002036659877800407,0.16666666666666666
2085,5,1,1,9,1,6583481,False,True,True,False,6,3157.5448441247004,21,0.0028776978417266188,0.14285714285714285
4443,4,3,2,7,0,13690267,False,True,True,False,7,3081.311501237902,23,0.0015755120414134593,0.0
3573,3,3,2,6,1,11305743,False,False,False,True,6,3164.215785054576,24,0.0016792611251049538,0.14285714285714285
1521,2,3,2,6,1,4897800,True,False,True,False,5,3220.1183431952663,24,0.003287310979618672,0.16666666666666666
3961,5,2,2,5,0,12371773,False,False,False,False,7,3123.3963645544054,25,0.0017672304973491543,0.0
3113,5,2,2,20,1,9806042,False,False,True,False,7,3150.029553485384,10,0.0022486347574686796,0.125
4343,3,3,2,28,2,13308476,True,False,False,True,6,3064.3509095095555,2,0.001381533502187428,0.2857142857142857
2000,3,1,2,19,2,6152105,True,False,False,False,4,3076.0525,11,0.002,0.4
661,4,1,1,2,0,2411552,False,True,False,True,5,3648.338880484115,28,0.007564296520423601,0.0
4797,1,2,1,18,1,14496242,False,True,True,False,3,3021.9391286220553,12,0.0006253908692933083,0.25
2481,3,1,2,21,2,7778772,False,False,True,False,4,3135.3373639661427,9,0.0016122531237404273,0.4
1495,3,2,1,14,2,4828730,True,False,False,True,5,3229.9197324414718,16,0.0033444816053511705,0.3333333333333333
3842,2,3,1,3,1,11724948,False,True,False,False,5,3051.7824049973974,27,0.0013014055179593961,0.16666666666666666
4298,5,2,2,27,1,13310311,False,False,True,False,7,3096.8615635179153,3,0.0016286644951140066,0.125
1775,1,2,1,11,2,5524093,True,False,True,False,3,3112.1650704225353,19,0.0016901408450704226,0.5
1516,2,3,2,5,2,4977123,False,False,False,False,5,3283.0626649076517,25,0.0032981530343007917,0.3333333333333333
837,4,1,2,18,0,2707535,False,True,True,False,5,3234.8088410991636,12,0.005973715651135006,0.0
1378,4,2,2,3,0,4660490,False,True,False,True,6,3382.0682148040637,27,0.0043541364296081275,0.0
1576,3,2,1,14,2,4974562,True,False,True,False,5,3156.4479695431473,16,0.0031725888324873096,0.3333333333333333
4493,3,3,1,8,0,13968080,False,False,True,False,6,3108.8537725350543,22,0.0013354106387714222,0.0
879,4,1,1,4,2,2915535,True,False,False,False,5,3316.877133105802,26,0.005688282138794084,0.3333333333333333
992,3,2,1,12,2,3394991,False,True,False,True,5,3422.3699596774195,18,0.005040322580645161,0.3333333333333333
2562,1,3,2,22,0,7677269,False,True,False,False,4,2996.5921155347387,8,0.00156128024980484,0.0
4384,3,2,2,25,0,13472674,False,False,True,False,5,3073.1464416058393,5,0.0011405109489051094,0.0
564,5,3,1,17,1,2164462,False,False,True,False,8,3837.698581560284,13,0.014184397163120567,0.1111111111111111
3068,3,1,2,29,1,9297127,False,False,False,False,4,3030.354302477184,1,0.001303780964797914,0.2
2527,2,1,2,29,1,7494147,True,False,False,False,3,2965.6299960427386,1,0.001187178472497032,0.25
3195,1,1,1,4,2,9850528,False,False,False,False,2,3083.1073552425664,26,0.0006259780907668231,0.6666666666666666
1995,2,1,2,24,0,6332095,False,False,False,True,3,3173.9824561403507,6,0.0015037593984962407,0.0
891,2,2,1,15,2,2881931,False,True,True,False,4,3234.490460157127,15,0.004489337822671156,0.4
4061,1,1,1,18,2,12429381,False,False,True,False,2,3060.67003201182,12,0.0004924895345973898,0.6666666666666666
2778,1,1,2,13,1,8783468,False,False,False,True,2,3161.7955363570914,17,0.0007199424046076314,0.3333333333333333
3599,1,1,2,24,1,10950749,False,True,False,True,2,3042.719922200611,6,0.0005557099194220616,0.3333333333333333
700,1,2,1,29,1,2318672,False,False,False,True,3,3312.3885714285716,1,0.004285714285714286,0.25
3604,1,1,1,15,2,10985731,True,False,False,True,2,3048.2050499445063,15,0.0005549389567147614,0.6666666666666666
2954,5,1,1,26,0,9026512,True,False,True,False,6,3055.6912660798916,4,0.002031144211238998,0.0
4145,3,1,1,14,0,12763658,True,False,False,True,4,3079.290229191797,16,0.0009650180940892642,0.0
1304,2,3,2,21,1,4343024,False,False,False,True,5,3330.5398773006136,9,0.003834355828220859,0.16666666666666666
3231,1,1,2,3,1,9796832,False,True,False,False,2,3032.1361807489943,27,0.0006190034045187249,0.3333333333333333
3273,3,3,1,6,1,10391332,False,False,False,True,6,3174.8646501680414,24,0.0018331805682859762,0.14285714285714285
2070,3,3,2,15,1,6512467,False,False,False,False,6,3146.1193236714976,15,0.002898550724637681,0.14285714285714285
3190,2,1,1,23,0,9701025,False,True,False,True,3,3041.073667711599,7,0.0009404388714733542,0.0
4340,5,3,1,21,2,13393107,False,True,False,True,8,3085.9693548387095,9,0.0018433179723502304,0.2222222222222222
1528,4,1,2,20,2,4761994,False,True,False,False,5,3116.488219895288,10,0.0032722513089005235,0.3333333333333333
1002,4,2,2,21,2,3420202,True,False,False,True,6,3413.375249500998,9,0.005988023952095809,0.2857142857142857
1370,2,2,1,7,1,4312581,False,True,True,False,4,3147.8693430656936,23,0.00291970802919708,0.2
706,3,3,2,15,1,2409638,True,False,True,False,6,3413.084985835694,15,0.0084985835694051,0.14285714285714285
1984,5,1,2,26,2,6050418,True,False,False,False,6,3049.6058467741937,4,0.0030241935483870967,0.2857142857142857
1363,4,1,2,22,1,4442627,False,True,False,True,5,3259.4475421863535,8,0.003668378576669112,0.16666666666666666
3290,3,1,2,9,1,10239113,False,True,False,True,4,3112.1924012158056,21,0.0012158054711246201,0.2
1063,3,2,1,9,0,3533363,False,False,False,False,5,3323.953904045155,21,0.004703668861712135,0.0
4691,1,2,1,26,0,13976044,False,True,False,False,3,2979.3314858239182,4,0.0006395224898742272,0.0
2257,5,1,1,1,1,7280955,False,False,False,False,6,3225.9437306158616,29,0.002658396101019052,0.14285714285714285
2178,1,2,1,29,0,6605030,False,True,False,True,3,3032.6124885215795,1,0.0013774104683195593,0.0
3742,2,1,1,8,0,11427814,False,False,False,False,3,3053.932121859968,22,0.0008017103153393907,0.0
1559,1,1,1,16,1,4856340,False,False,False,False,2,3115.035279025016,14,0.0012828736369467607,0.3333333333333333
2222,1,1,2,10,1,6956024,False,False,True,False,2,3130.5238523852386,20,0.0009000900090009,0.3333333333333333
3814,4,1,2,9,1,11945288,False,False,True,False,5,3131.958049292082,21,0.0013109596224436288,0.16666666666666666
3657,3,1,1,21,1,11208836,True,False,False,True,4,3065.0358217117855,9,0.0010937927262783702,0.2
3125,5,1,1,24,2,9702435,False,False,True,False,6,3104.7792,6,0.00192,0.2857142857142857
3229,1,1,2,16,2,9844084,False,True,True,False,2,3048.647878600186,14,0.0006193868070610096,0.6666666666666666
2097,5,2,2,3,1,6691601,True,False,False,False,7,3191.0352885073917,27,0.0033381020505484026,0.125
3560,1,1,2,15,0,10728416,True,False,False,False,2,3013.6,15,0.0005617977528089888,0.0
3193,2,1,2,19,1,9822407,False,False,True,False,3,3076.231443783276,11,0.0009395552771688068,0.25
4127,1,2,1,14,1,12559943,True,False,True,False,3,3043.3590986188515,16,0.000726920281075842,0.25
1863,4,2,1,24,0,5881940,False,False,True,False,6,3157.241009125067,6,0.00322061191626409,0.0
2481,3,2,1,26,2,7628666,False,True,False,True,5,3074.8351471180977,4,0.002015316404675534,0.3333333333333333
2163,2,1,1,20,1,6816122,False,False,False,True,3,3151.2353213129913,10,0.0013869625520110957,0.25
2029,1,3,1,4,1,6422092,True,False,False,True,4,3165.1513060620996,26,0.001971414489896501,0.2
2538,5,3,2,5,2,8149645,False,True,True,False,8,3211.0500394011033,25,0.0031520882584712374,0.2222222222222222
3802,2,2,1,16,2,11712505,False,False,True,False,4,3080.6167806417675,14,0.0010520778537611783,0.4
2737,2,3,2,0,0,8667713,False,True,False,True,5,3166.866276945561,30,0.001826817683595177,0.0
1806,1,2,1,24,2,5572387,False,True,False,True,3,3085.485603543743,6,0.0016611295681063123,0.5
4529,2,1,1,18,2,13710169,True,False,True,False,3,3027.19562817399,12,0.0006623978803267829,0.5
3175,5,3,1,3,2,9938282,False,True,False,False,8,3130.167559055118,27,0.0025196850393700786,0.2222222222222222
1782,2,1,1,16,0,5583511,True,False,False,True,3,3133.283389450056,14,0.0016835016835016834,0.0
1209,5,3,1,8,2,4068742,False,True,True,False,8,3365.3779983457403,22,0.006617038875103391,0.2222222222222222
4913,1,1,2,23,2,14949522,False,False,True,False,2,3042.849989822919,7,0.0004070832485243232,0.6666666666666666
4248,3,3,2,1,0,13085132,False,True,False,False,6,3080.304143126177,29,0.0014124293785310734,0.0
1163,2,1,2,7,2,3968397,False,False,True,False,3,3412.207222699914,23,0.0025795356835769563,0.5
2498,3,1,1,14,2,7817880,False,False,True,False,4,3129.655724579664,16,0.0016012810248198558,0.4
3945,5,3,1,6,0,12348454,False,True,False,True,8,3130.153105196451,24,0.0020278833967046894,0.0
4243,2,1,2,26,1,13054711,False,False,False,True,3,3076.764317699741,4,0.0007070469007777516,0.25
1995,4,1,1,5,0,6198539,False,True,False,False,5,3107.0370927318295,25,0.002506265664160401,0.0
3804,3,1,1,0,2,11690321,False,True,False,False,4,3073.165352260778,30,0.0010515247108307045,0.4
4263,2,3,2,14,2,13246985,False,False,True,False,5,3107.4325592305886,16,0.001172882946281961,0.3333333333333333
2353,3,3,1,22,2,7473799,False,False,False,True,6,3176.2851678708034,8,0.0025499362515937103,0.2857142857142857
1791,2,1,2,25,0,5343102,True,False,False,False,3,2983.3065326633164,5,0.0016750418760469012,0.0
4081,1,1,1,6,2,12493726,False,False,False,False,2,3061.437392795883,24,0.000490075961774075,0.6666666666666666
3957,3,3,2,28,2,11949784,True,False,False,False,6,3019.9100328531717,2,0.001516300227445034,0.2857142857142857
2136,4,3,1,29,0,6691333,False,False,True,False,7,3132.6465355805244,1,0.0032771535580524347,0.0
4196,4,1,1,24,1,12828828,False,True,False,True,5,3057.3946615824593,6,0.0011916110581506197,0.16666666666666666
3499,5,1,2,16,1,10886526,False,False,False,False,6,3111.32494998571,14,0.0017147756501857674,0.14285714285714285
3652,2,1,1,1,2,11360362,False,True,False,True,3,3110.723439211391,29,0.0008214676889375684,0.5
1198,3,2,1,26,0,3587997,False,True,False,False,5,2994.9891485809685,4,0.004173622704507512,0.0
2660,5,3,2,8,2,8360341,False,True,False,False,8,3142.985338345865,22,0.0030075187969924814,0.2222222222222222
4597,3,2,1,28,0,13930073,True,False,False,True,5,3030.25299108114,2,0.0010876658690450293,0.0
1354,2,3,2,8,0,4566549,False,False,False,True,5,3372.635893648449,22,0.003692762186115214,0.0
3974,4,3,1,12,1,12385795,False,True,False,True,7,3116.707347760443,18,0.0017614494212380473,0.125
2207,1,3,1,5,1,6877920,False,True,True,False,4,3116.4114182147714,25,0.0018124150430448573,0.2
3277,4,3,1,5,0,10146326,True,False,False,False,7,3096.2239853524566,25,0.0021361000915471468,0.0
2233,5,3,1,19,2,7204515,False,False,True,False,8,3226.383788625168,11,0.0035826242722794446,0.2222222222222222
4010,1,3,2,19,1,12400316,False,False,False,True,4,3092.3481296758105,11,0.000997506234413965,0.2
702,5,3,1,20,2,2302183,True,False,False,False,8,3279.462962962963,10,0.011396011396011397,0.2222222222222222
3755,2,2,2,2,1,11648860,True,False,True,False,4,3102.2263648468706,28,0.0010652463382157123,0.2
4718,1,1,1,16,1,14258624,False,False,False,False,2,3022.175498092412,14,0.000423908435777872,0.3333333333333333
1266,2,2,1,11,1,4293781,False,False,False,True,4,3391.6121642969983,19,0.00315955766192733,0.2
4889,4,2,1,15,1,15083705,False,False,True,False,6,3085.2331765187155,15,0.0012272448353446513,0.14285714285714285
2827,2,2,2,14,2,8660326,False,True,False,False,4,3063.4333215422707,16,0.0014149274849663955,0.4
3431,3,2,2,12,1,10459756,False,True,False,False,5,3048.6027397260273,18,0.001457301078402798,0.16666666666666666
697,2,3,2,22,1,2321390,False,False,False,False,5,3330.545193687231,8,0.007173601147776184,0.16666666666666666
2430,2,1,2,0,1,7688369,False,False,False,False,3,3163.9378600823047,30,0.0012345679012345679,0.25
4082,3,3,1,16,2,12776821,False,False,False,True,6,3130.0394414502694,14,0.0014698677119059284,0.2857142857142857
1108,5,1,2,2,0,3873589,False,False,True,False,6,3496.018953068592,28,0.005415162454873646,0.0
3772,5,1,2,25,2,11780116,False,False,False,True,6,3123.0424178154826,5,0.0015906680805938495,0.2857142857142857
1647,2,2,1,14,0,5374181,False,False,False,True,4,3263.012143290832,16,0.0024286581663630845,0.0
4782,3,3,1,3,1,14810786,True,False,False,True,6,3097.194897532413,27,0.0012547051442910915,0.14285714285714285
3897,3,2,1,3,0,12105686,False,False,False,False,5,3106.41159866564,27,0.0012830382345393892,0.0
3011,4,3,1,17,2,9259425,True,False,False,False,7,3075.1992693457323,13,0.002324809033543673,0.25
2294,5,1,2,16,2,7102286,True,False,False,False,6,3096.027027027027,14,0.0026155187445510027,0.2857142857142857
1159,1,2,2,18,1,3722994,False,False,True,False,3,3212.246764452114,12,0.0025884383088869713,0.25
3311,5,2,1,10,0,10373198,False,False,False,False,7,3132.9501661129566,20,0.0021141649048625794,0.0
1869,5,1,1,19,1,5833639,True,False,True,False,6,3121.2621722846443,11,0.0032102728731942215,0.14285714285714285
2486,4,1,1,2,1,7695205,True,False,False,False,5,3095.4163314561542,28,0.002011263073209976,0.16666666666666666
646,1,1,2,7,2,2224677,False,False,False,False,2,3443.7724458204334,23,0.0030959752321981426,0.6666666666666666
3719,4,2,2,13,0,11699930,False,False,False,True,6,3145.9881688625974,17,0.0016133369185264857,0.0
3411,1,3,1,25,0,10386313,True,False,False,True,4,3044.946643213134,5,0.0011726766344180592,0.0
2234,2,2,1,0,0,7145851,True,False,False,True,4,3198.679946284691,30,0.0017905102954341987,0.0
2343,1,3,2,13,0,7261509,True,False,True,False,4,3099.235595390525,17,0.0017072129748186087,0.0
988,4,2,1,1,1,3342316,False,True,True,False,6,3382.910931174089,29,0.006072874493927126,0.14285714285714285
3476,5,2,1,28,1,10495304,True,False,False,False,7,3019.3624856156503,2,0.0020138089758342925,0.125
2459,1,1,2,22,2,7503058,False,True,True,False,2,3051.2639284261895,8,0.0008133387555917039,0.6666666666666666
2885,1,3,1,3,1,9012876,False,False,False,False,4,3124.0471403812826,27,0.0013864818024263432,0.2
3419,3,2,2,23,1,10622366,False,False,True,False,5,3106.863410353905,7,0.0014624159110851126,0.16666666666666666
2302,5,2,1,26,2,7099403,True,False,True,False,7,3084.015204170287,4,0.0030408340573414424,0.25
4561,2,1,1,28,2,13893052,False,False,True,False,3,3046.0539355404517,2,0.00065775049331287,0.5
3869,4,1,2,18,2,12161627,False,False,False,True,5,3143.3515120186094,12,0.0012923235978288964,0.3333333333333333
762,2,3,2,5,1,2799495,False,False,True,False,5,3673.8779527559054,25,0.006561679790026247,0.16666666666666666
1123,5,2,1,24,1,3830932,False,False,False,True,7,3411.3374888691005,6,0.006233303650934996,0.125
1516,1,3,2,0,2,5054090,False,True,False,True,4,3333.8324538258576,30,0.002638522427440633,0.4
4143,1,2,1,16,2,12545701,False,True,True,False,3,3028.1682355780836,14,0.000724112961622013,0.5
2549,5,3,1,7,2,7950385,True,False,False,False,8,3119.0211847783444,23,0.003138485680659082,0.2222222222222222
4223,1,1,2,18,1,12718226,True,False,False,False,2,3011.65664219749,12,0.0004735969689793985,0.3333333333333333
3608,1,2,1,20,1,10801241,True,False,False,False,3,2993.692073170732,10,0.0008314855875831486,0.25
4590,1,3,1,0,0,14160367,False,False,True,False,4,3085.047276688453,30,0.0008714596949891067,0.0
2556,4,1,2,4,1,8123030,False,False,False,False,5,3178.0242566510174,26,0.0019561815336463224,0.16666666666666666
3670,4,1,2,26,1,11276505,False,True,False,True,5,3072.617166212534,4,0.0013623978201634877,0.16666666666666666
2182,3,3,1,15,1,6679332,False,True,False,False,6,3061.1054078826764,15,0.002749770852428964,0.14285714285714285
2755,2,2,2,5,2,8630178,True,False,True,False,4,3132.550998185118,25,0.0014519056261343012,0.4
1654,5,2,2,7,1,5328325,False,True,False,False,7,3221.4782345828294,23,0.004232164449818622,0.125
3691,5,2,2,15,0,11449486,False,True,True,False,7,3102.00108371715,15,0.001896505012191818,0.0
2196,3,2,1,29,0,6523563,False,True,False,False,5,2970.657103825137,1,0.002276867030965392,0.0
4491,4,2,1,2,2,13879404,False,True,True,False,6,3090.492985971944,28,0.0013360053440213762,0.2857142857142857
2148,3,1,1,18,2,6629182,True,False,True,False,4,3086.211359404097,12,0.00186219739292365,0.4
1945,5,3,2,11,2,6267991,True,False,True,False,8,3222.6174807197945,19,0.004113110539845758,0.2222222222222222
4699,2,2,2,15,1,14204663,False,True,False,False,4,3022.9118961481167,15,0.0008512449457331347,0.2
4423,1,1,2,26,0,13284886,True,False,True,False,2,3003.5916798553017,4,0.0004521817770743839,0.0
753,4,1,2,10,2,2692848,False,False,False,False,5,3576.159362549801,20,0.006640106241699867,0.3333333333333333
3683,4,3,2,9,1,11523127,False,True,False,True,7,3128.7339125712733,21,0.0019006244909041542,0.125
3057,3,2,2,24,0,9378692,False,False,False,False,5,3067.939810271508,6,0.0016355904481517827,0.0
598,4,2,2,19,1,2208389,True,False,False,True,6,3692.958193979933,11,0.010033444816053512,0.14285714285714285
2700,5,3,1,3,0,8437500,True,False,False,False,8,3125.0,27,0.002962962962962963,0.0
3461,5,3,1,11,1,10906785,False,False,True,False,8,3151.3392083212943,19,0.0023114706732158337,0.1111111111111111
4933,3,1,2,22,0,14873146,True,False,False,False,4,3015.030610176363,8,0.0008108655990269613,0.0
4277,5,1,2,1,0,13320126,False,True,True,False,6,3114.361935936404,29,0.0014028524666822538,0.0
3369,2,3,2,23,1,10561979,False,False,False,True,5,3135.048679133274,7,0.0014841199168892847,0.16666666666666666
3734,3,2,1,21,2,11279997,False,True,False,False,5,3020.888323513658,9,0.001339046598821639,0.3333333333333333
4291,2,1,1,18,0,13070170,False,False,True,False,3,3045.94966208343,12,0.0006991377301328362,0.0
1456,1,1,2,24,2,4491303,True,False,False,True,2,3084.6861263736264,6,0.0013736263736263737,0.6666666666666666
4567,2,2,2,4,1,14292743,False,False,False,True,4,3129.5693015108386,26,0.0008758484782132691,0.2
660,1,1,1,7,2,2247852,False,False,False,False,2,3405.836363636364,23,0.0030303030303030303,0.6666666666666666
1800,2,2,1,13,2,5625034,True,False,True,False,4,3125.018888888889,17,0.0022222222222222222,0.4
4487,3,2,1,23,2,13742776,False,True,False,True,5,3062.798306217963,7,0.0011143302874972142,0.3333333333333333
2027,5,3,2,22,2,6472893,True,False,False,True,8,3193.336457819438,8,0.003946719289590528,0.2222222222222222
1718,5,3,1,2,0,5577753,False,True,True,False,8,3246.6548311990687,28,0.004656577415599534,0.0
3604,1,2,2,15,0,11066922,False,True,False,True,3,3070.7330743618204,15,0.000832408435072142,0.0
3235,3,2,1,22,1,9981768,True,False,False,True,5,3085.554250386399,8,0.0015455950540958269,0.16666666666666666
1454,4,3,1,18,2,4761412,True,False,False,True,7,3274.6987620357636,12,0.004814305364511692,0.25
3946,2,1,1,18,0,12084030,False,False,True,False,3,3062.3492143943236,12,0.0007602635580334517,0.0
1545,1,2,2,17,1,4842509,True,False,False,True,3,3134.3100323624594,13,0.001941747572815534,0.25
2193,5,1,1,19,0,6827653,False,True,True,False,6,3113.3848609211127,11,0.0027359781121751026,0.0
3936,3,1,2,15,0,12254929,False,False,False,True,4,3113.5490345528456,15,0.0010162601626016261,0.0
1062,2,2,2,7,2,3594291,True,False,False,True,4,3384.454802259887,23,0.003766478342749529,0.4
2985,3,2,1,27,1,9109042,True,False,False,True,5,3051.605360134003,3,0.0016750418760469012,0.16666666666666666
3854,2,1,1,0,2,11984574,False,True,False,True,3,3109.645563051375,30,0.0007784120394395433,0.5
725,2,1,1,16,2,2312201,False,True,True,False,3,3189.2427586206895,14,0.004137931034482759,0.5
1459,1,3,1,11,0,4739282,False,False,True,False,4,3248.3084304318027,19,0.0027416038382453737,0.0
3567,3,3,2,29,2,10835016,True,False,True,False,6,3037.5710681244746,1,0.001682085786375105,0.2857142857142857
1315,3,2,1,20,1,3990022,False,True,False,False,5,3034.2372623574142,10,0.0038022813688212928,0.16666666666666666
3620,5,3,1,10,2,11507938,False,False,False,True,8,3178.9883977900554,20,0.0022099447513812156,0.2222222222222222
516,5,3,1,4,2,2121678,True,False,False,True,8,4111.779069767442,26,0.015503875968992248,0.2222222222222222
1743,1,3,2,26,2,5340720,True,False,True,False,4,3064.0963855421687,4,0.002294893861158921,0.4
2705,1,3,1,11,0,8341805,False,False,False,False,4,3083.8465804066545,19,0.0014787430683918669,0.0
3024,4,1,1,16,1,9576323,False,False,False,True,5,3166.773478835979,14,0.0016534391534391533,0.16666666666666666
1569,5,2,2,5,0,5098986,False,True,True,False,7,3249.831739961759,25,0.004461440407903123,0.0
3944,2,3,2,0,0,12328478,True,False,False,True,5,3125.881845841785,30,0.0012677484787018255,0.0
3065,3,1,1,4,0,9607994,True,False,False,True,4,3134.7451876019577,26,0.0013050570962479609,0.0
1560,1,1,1,24,0,4622161,True,False,True,False,2,2962.923717948718,6,0.001282051282051282,0.0
2827,3,1,1,27,0,8651689,False,False,True,False,4,3060.378139370357,3,0.0014149274849663955,0.0
3920,3,3,1,13,1,12174699,False,True,False,True,6,3105.79056122449,17,0.001530612244897959,0.14285714285714285
801,4,3,1,4,2,2943924,True,False,False,True,7,3675.310861423221,26,0.008739076154806492,0.25
4776,5,2,2,21,0,14807273,False,False,True,False,7,3100.3502931323283,9,0.0014656616415410384,0.0
1106,1,3,2,23,0,3532308,True,False,False,True,4,3193.768535262206,7,0.003616636528028933,0.0
3670,3,3,1,26,1,11263745,False,True,False,True,6,3069.140326975477,4,0.0016348773841961854,0.14285714285714285
1199,1,1,1,0,1,3788211,True,False,True,False,2,3159.4753961634697,30,0.0016680567139282735,0.3333333333333333
1639,2,2,2,29,2,5057229,False,True,False,True,4,3085.557657107993,1,0.0024405125076266015,0.4
690,4,3,1,17,1,2448542,False,True,False,True,7,3548.6115942028987,13,0.010144927536231883,0.125
2800,2,3,1,15,2,8484345,True,False,False,False,5,3030.1232142857143,15,0.0017857142857142857,0.3333333333333333
1480,1,1,1,8,0,4561819,True,False,True,False,2,3082.310135135135,22,0.0013513513513513514,0.0
3475,1,1,1,18,0,10362779,False,True,False,False,2,2982.094676258993,12,0.0005755395683453237,0.0
1684,5,3,1,21,2,5444421,False,False,False,False,8,3233.0290973871734,9,0.004750593824228029,0.2222222222222222
3827,3,2,2,4,1,11793244,False,True,False,False,5,3081.5897569898093,26,0.0013065064018813691,0.16666666666666666
3894,3,2,1,26,2,11927584,True,False,False,True,5,3063.0672829994865,4,0.0012840267077555213,0.3333333333333333
627,2,1,1,1,1,2230950,True,False,False,True,3,3558.133971291866,29,0.004784688995215311,0.25
2565,4,1,1,29,0,7790173,False,False,False,False,5,3037.104483430799,1,0.001949317738791423,0.0
2316,3,3,2,14,1,7156032,False,True,False,False,6,3089.8238341968913,16,0.0025906735751295338,0.14285714285714285
1069,5,1,2,6,2,3596273,False,True,False,False,6,3364.1468662301218,24,0.005612722170252572,0.2857142857142857
2395,2,3,2,3,2,7643036,False,True,False,True,5,3191.246764091858,27,0.0020876826722338203,0.3333333333333333
3233,2,2,2,0,0,9960356,True,False,False,False,4,3080.840086606867,30,0.0012372409526755336,0.0
4363,5,2,1,12,1,13303292,False,True,False,False,7,3049.115746046298,18,0.0016044006417602567,0.125
4514,4,3,2,19,1,13945052,False,False,True,False,7,3089.2893221089944,11,0.0015507310589277803,0.125
3401,5,1,1,21,1,10427377,True,False,True,False,6,3065.97383122611,9,0.0017641870038224052,0.14285714285714285
2186,4,2,1,6,0,7037317,True,False,False,True,6,3219.2666971637695,24,0.0027447392497712718,0.0
3509,5,1,2,14,1,10884838,False,True,True,False,6,3101.9772014819036,16,0.0017098888572242804,0.14285714285714285
654,5,2,2,22,2,2439819,False,False,True,False,7,3730.6100917431195,8,0.010703363914373088,0.25
3037,1,3,2,13,1,9286620,True,False,True,False,4,3057.8268027658874,17,0.0013170892327955218,0.2
1909,2,3,2,22,0,5957461,True,False,False,True,5,3120.7234154007333,8,0.0026191723415400735,0.0
4557,5,3,2,18,1,14001750,False,True,True,False,8,3072.5806451612902,12,0.0017555409260478386,0.1111111111111111
1284,5,2,1,21,1,4260426,False,True,False,True,7,3318.088785046729,9,0.005451713395638629,0.125
3675,3,1,2,28,2,11233719,False,False,False,False,4,3056.7942857142857,2,0.0010884353741496598,0.4
4841,2,1,2,23,1,14582472,False,True,True,False,3,3012.2850650692008,7,0.0006197066721751704,0.25
3306,3,1,2,19,2,10397263,False,False,False,True,4,3144.967634603751,11,0.0012099213551119178,0.4
1037,2,2,1,28,2,3178602,True,False,True,False,4,3065.1899710703956,2,0.003857280617164899,0.4
2341,3,2,2,23,0,7208523,False,False,False,False,5,3079.249466040154,7,0.0021358393848782574,0.0
2955,5,2,1,17,2,9415766,False,False,False,True,7,3186.3844331641285,13,0.0023688663282571912,0.25
1024,5,2,2,9,2,3778060,False,False,False,True,7,3689.51171875,21,0.0068359375,0.25
3450,1,2,2,8,0,10619079,True,False,False,True,3,3077.993913043478,22,0.0008695652173913044,0.0
4631,3,1,1,24,2,13871399,False,True,False,False,4,2995.335564672857,6,0.0008637443316778234,0.4
4615,4,2,2,7,0,14125726,True,False,False,False,6,3060.8290357529795,23,0.0013001083423618636,0.0
2868,1,2,1,25,1,8566906,False,True,False,False,3,2987.066248256625,5,0.0010460251046025104,0.25
4347,3,1,1,29,0,13287532,False,False,False,True,4,3056.713135495744,1,0.0009201748332183115,0.0
3201,1,1,2,9,0,9916162,False,False,True,False,2,3097.8325523273975,21,0.0006248047485160887,0.0
1471,5,1,2,16,2,4756749,False,False,False,False,6,3233.683888511217,14,0.004078857919782461,0.2857142857142857
1666,3,3,2,1,1,5639353,False,False,False,True,6,3384.9657863145258,29,0.003601440576230492,0.14285714285714285
3274,5,3,1,5,0,10230477,False,True,True,False,8,3124.7638973732437,25,0.002443494196701283,0.0
2482,1,3,2,25,1,7410570,False,True,False,False,4,2985.7252215954877,5,0.0016116035455278,0.2
1353,5,3,1,4,2,4725373,False,False,True,False,8,3492.5151515151515,26,0.005912786400591279,0.2222222222222222
4646,2,2,2,27,2,14009437,True,False,True,False,4,3015.376022384847,3,0.0008609556607834697,0.4
4236,4,3,1,29,1,12956104,True,False,False,True,7,3058.5703493862134,1,0.0016525023607176581,0.125
4269,3,1,1,8,0,13210370,False,False,True,False,4,3094.4881705317403,22,0.0009369875849144999,0.0
1074,4,2,1,4,0,3536551,False,True,True,False,6,3292.8780260707636,26,0.00558659217877095,0.0
3761,5,3,2,17,2,11791359,True,False,False,True,8,3135.1659133209255,13,0.002127093858016485,0.2222222222222222
1648,3,1,1,25,1,5138880,True,False,False,True,4,3118.252427184466,5,0.0024271844660194173,0.2
2215,5,2,1,19,1,6987916,True,False,False,True,7,3154.8153498871334,11,0.003160270880361174,0.125
4354,2,2,1,8,0,13462703,False,False,True,False,4,3092.0310059715202,22,0.0009186954524575103,0.0
2991,1,3,1,16,0,9084445,True,False,True,False,4,3037.2601136743565,14,0.0013373453694416582,0.0
3160,3,2,1,26,0,9567636,True,False,True,False,5,3027.732911392405,4,0.0015822784810126582,0.0
3624,2,1,1,16,1,11125927,True,False,False,True,3,3070.068156732892,14,0.0008278145695364238,0.25
3551,2,2,2,11,0,10811194,True,False,False,False,4,3044.5491410870177,19,0.001126443255421008,0.0
504,3,1,2,6,0,1791685,False,True,True,False,4,3554.9305555555557,24,0.007936507936507936,0.0
1376,5,2,1,26,2,4409134,False,False,False,False,7,3204.3125,4,0.005087209302325582,0.25
1491,2,3,2,2,0,5111916,False,False,False,True,5,3428.5150905432597,28,0.00335345405767941,0.0
4642,4,1,2,9,0,14290455,False,True,True,False,5,3078.5124946143906,21,0.001077121930202499,0.0
4864,2,2,1,1,1,14819847,False,True,False,False,4,3046.8435444078946,29,0.0008223684210526315,0.2
1135,5,2,1,2,2,3869333,True,False,True,False,7,3409.103964757709,28,0.006167400881057269,0.25
2193,4,1,2,15,0,6847865,True,False,True,False,5,3122.6014591883263,15,0.002279981760145919,0.0
2182,2,1,1,1,2,6925096,False,False,False,False,3,3173.737855178735,29,0.001374885426214482,0.5
619,5,1,2,27,1,2166756,True,False,False,True,6,3500.4135702746366,3,0.009693053311793215,0.14285714285714285
1330,3,3,1,23,2,4191192,False,True,True,False,6,3151.272180451128,7,0.004511278195488722,0.2857142857142857
4175,1,3,2,9,1,12885686,True,False,False,True,4,3086.391856287425,21,0.0009580838323353293,0.2
1869,1,1,1,5,2,5915733,True,False,False,True,2,3165.1861958266454,25,0.001070090957731407,0.6666666666666666
1240,1,2,1,21,2,3675993,True,False,False,False,3,2964.5104838709676,9,0.0024193548387096775,0.5
616,2,3,2,25,0,1998492,False,False,False,False,5,3244.305194805195,5,0.008116883116883116,0.0
3338,4,1,2,10,2,10434981,False,True,False,True,5,3126.117735170761,20,0.0014979029358897543,0.3333333333333333
1650,5,2,2,22,0,5194143,True,False,True,False,7,3147.9654545454546,8,0.004242424242424243,0.0
2431,3,3,2,6,0,7730603,False,False,False,False,6,3180.0094611271084,24,0.0024681201151789387,0.0
1512,3,2,2,26,0,4705452,True,False,True,False,5,3112.0714285714284,4,0.0033068783068783067,0.0
2164,2,2,2,28,0,6562277,False,True,True,False,4,3032.47550831793,2,0.0018484288354898336,0.0
1581,1,2,1,14,2,4892990,True,False,True,False,3,3094.8703352308667,16,0.0018975332068311196,0.5
1012,2,2,2,5,1,3458888,False,True,False,True,4,3417.8735177865615,25,0.003952569169960474,0.2
3349,4,3,1,19,1,10326351,True,False,True,False,7,3083.4132576888624,11,0.0020901761719916393,0.125
1059,4,3,1,26,1,3514372,False,True,False,True,7,3318.576015108593,4,0.0066100094428706326,0.125
4172,5,3,2,8,2,13095999,True,False,False,True,8,3139.021812080537,22,0.0019175455417066154,0.2222222222222222
3843,5,1,1,21,0,11759309,False,True,True,False,6,3059.929482175384,9,0.00156128024980484,0.0
4570,4,3,2,19,1,13972446,True,False,True,False,7,3057.4280087527354,11,0.0015317286652078775,0.125
1970,4,2,2,11,2,6260733,True,False,True,False,6,3178.0370558375635,19,0.003045685279187817,0.2857142857142857
1080,4,3,1,18,0,3666000,False,False,True,False,7,3394.4444444444443,12,0.006481481481481481,0.0
2794,2,2,1,19,1,8760632,False,False,False,True,4,3135.5161059413026,11,0.0014316392269148174,0.2
3647,4,1,2,2,0,11302576,False,True,True,False,5,3099.143405538799,28,0.0013709898546750755,0.0
4749,3,2,2,14,1,14470320,True,False,True,False,5,3047.024636765635,16,0.0010528532322594231,0.16666666666666666
2179,1,2,1,1,1,6857750,False,True,False,True,3,3147.2005507113354,29,0.0013767783386874712,0.25
4006,4,2,1,29,1,12201463,False,False,False,False,6,3045.797054418372,1,0.0014977533699450823,0.14285714285714285
3244,1,1,1,20,0,9628572,False,True,False,False,2,2968.1171393341556,10,0.0006165228113440197,0.0
3856,2,3,1,1,2,11995948,False,True,False,True,5,3110.9823651452284,29,0.0012966804979253112,0.3333333333333333
4545,1,3,2,21,0,13783826,False,False,False,False,4,3032.74499449945,9,0.0008800880088008801,0.0
1743,2,1,2,2,1,5678051,True,False,False,True,3,3257.631095811819,28,0.0017211703958691911,0.25
3618,3,2,2,5,0,11171867,False,True,True,False,5,3087.8571033720286,25,0.0013819789939192924,0.0
2641,2,3,2,14,2,8353231,False,False,True,False,5,3162.9045815978798,16,0.001893222264293828,0.3333333333333333
3559,2,1,1,26,0,10603262,True,False,False,False,3,2979.2812587805565,4,0.0008429334082607474,0.0
3459,5,3,1,9,2,10998356,False,False,True,False,8,3179.634576467187,21,0.0023128071697022263,0.2222222222222222
2765,4,1,2,8,2,8587233,False,True,False,False,5,3105.6900542495478,22,0.0018083182640144665,0.3333333333333333
2979,4,2,2,0,0,9271678,True,False,False,False,6,3112.3457536085934,30,0.002014098690835851,0.0
2135,3,3,2,15,1,6657963,True,False,True,False,6,3118.4838407494144,15,0.002810304449648712,0.14285714285714285
2257,3,1,2,5,2,7285360,False,False,True,False,4,3227.8954364200267,25,0.0017722640673460345,0.4
2570,5,3,2,26,2,8176617,False,False,True,False,8,3181.563035019455,4,0.0031128404669260703,0.2222222222222222
3349,4,3,2,3,1,10577269,True,False,False,True,7,3158.3365183636906,27,0.0020901761719916393,0.125
3751,5,3,2,26,0,11539312,True,False,True,False,8,3076.3295121300985,4,0.0021327645961077045,0.0
4230,3,1,2,27,0,12827352,False,True,True,False,4,3032.4709219858155,3,0.0009456264775413711,0.0
2989,1,2,1,1,0,9336732,True,False,False,True,3,3123.697557711609,29,0.0010036801605888257,0.0
2131,3,1,2,28,1,6524494,False,True,True,False,4,3061.7053026748004,2,0.0018770530267480056,0.2
3316,3,1,1,3,2,10466905,False,False,True,False,4,3156.485223160434,27,0.0012062726176115801,0.4
1515,2,1,1,0,0,4892225,False,False,False,False,3,3229.191419141914,30,0.0019801980198019802,0.0
1848,2,2,2,18,2,5776867,True,False,True,False,4,3126.0102813852814,12,0.0021645021645021645,0.4
3587,2,3,2,25,2,11058528,False,False,True,False,5,3082.946194591581,5,0.0013939224979091162,0.3333333333333333
3339,2,3,1,24,1,10405972,False,False,False,True,5,3116.493560946391,6,0.001497454327643007,0.16666666666666666
835,5,3,1,9,0,2810602,True,False,False,False,8,3365.9904191616765,21,0.009580838323353293,0.0
1395,4,2,2,20,2,4411261,False,True,False,False,6,3162.194265232975,10,0.004301075268817204,0.2857142857142857
4046,1,3,1,14,0,12218748,True,False,False,False,4,3019.9574888779043,16,0.0009886307464162135,0.0
1351,3,2,2,26,0,4166332,False,True,True,False,5,3083.8874907475943,4,0.003700962250185048,0.0
2187,5,3,2,21,1,6831937,True,False,False,False,8,3123.8852309099225,9,0.003657978966620942,0.1111111111111111
2431,1,3,2,18,0,7561929,True,False,False,True,4,3110.6248457424927,12,0.0016454134101192926,0.0
4246,5,1,1,15,0,13077206,False,False,False,False,6,3079.88836552049,15,0.001413094677343382,0.0
2927,5,2,1,20,2,9212137,True,False,False,True,7,3147.2965493679535,10,0.0023915271609156134,0.25
2068,3,1,2,26,1,6176251,True,False,False,False,4,2986.581721470019,4,0.0019342359767891683,0.2
4500,4,1,1,23,0,13535717,False,True,False,False,5,3007.9371111111113,7,0.0011111111111111111,0.0
3238,2,1,1,21,2,10113108,False,False,False,True,3,3123.257566399012,9,0.0009264978381717109,0.5
3998,4,2,1,3,1,12261027,False,True,False,False,6,3066.7901450725362,27,0.0015007503751875938,0.14285714285714285
4413,3,2,1,1,1,13546382,False,True,False,False,5,3069.653750283254,29,0.0011330160888284614,0.16666666666666666
1566,3,3,1,29,2,4914551,False,False,False,False,6,3138.2828863346103,1,0.0038314176245210726,0.2857142857142857
4880,3,1,1,24,2,14869583,False,False,True,False,4,3047.0456967213113,6,0.000819672131147541,0.4
2944,1,3,1,12,2,9282387,False,False,False,True,4,3152.984714673913,18,0.001358695652173913,0.4
4607,4,1,2,27,2,13874104,True,False,False,False,5,3011.526807032776,3,0.0010853049706967658,0.3333333333333333
3873,4,2,1,0,2,12271224,False,False,False,True,6,3168.4027885360188,30,0.001549186676994578,0.2857142857142857
4469,5,2,1,16,0,13957624,False,False,False,True,7,3123.209666592079,14,0.0015663459386887446,0.0
3046,5,2,1,12,0,9724058,False,False,False,True,7,3192.402495075509,18,0.002298095863427446,0.0
1253,5,1,1,3,1,4115372,False,True,False,False,6,3284.415003990423,27,0.004788507581803671,0.14285714285714285
2582,3,2,1,6,0,7915299,False,True,False,False,5,3065.5689388071264,24,0.0019364833462432224,0.0
3274,4,1,1,16,0,10160572,True,False,False,True,5,3103.4123396456935,14,0.0015271838729383018,0.0
3396,3,3,1,8,0,10523469,False,True,True,False,6,3098.7835689045937,22,0.0017667844522968198,0.0
4685,1,1,1,3,2,14412928,True,False,False,True,2,3076.398719316969,27,0.00042689434364994664,0.6666666666666666
1275,5,3,2,18,1,4208474,False,True,True,False,8,3300.7639215686277,12,0.006274509803921568,0.1111111111111111
2125,3,1,1,0,1,6919141,False,False,False,True,4,3256.0663529411763,30,0.0018823529411764706,0.2
3569,3,3,1,9,1,11090350,False,True,False,True,6,3107.4110395068647,21,0.0016811431773606051,0.14285714285714285
917,1,2,1,3,1,3116082,True,False,False,True,3,3398.1264994547437,27,0.003271537622682661,0.25
614,2,3,1,8,0,2012871,False,True,False,False,5,3278.2915309446253,22,0.008143322475570033,0.0
1116,4,2,2,12,0,3773077,False,False,True,False,6,3380.8933691756274,18,0.005376344086021506,0.0
4474,2,2,2,13,2,13668015,True,False,True,False,4,3054.9877067501116,17,0.000894054537326777,0.4
3767,5,3,2,9,1,12022147,False,False,False,True,8,3191.4380143350145,21,0.002123705866737457,0.1111111111111111
1325,3,1,2,5,0,4344180,False,False,False,False,4,3278.62641509434,25,0.0030188679245283017,0.0
2016,1,1,2,15,0,6048857,True,False,False,False,2,3000.4250992063494,15,0.000992063492063492,0.0
3646,1,1,2,5,2,11347840,False,False,True,False,2,3112.408118486012,25,0.0005485463521667581,0.6666666666666666
912,4,1,2,16,2,3085902,False,False,False,False,5,3383.6644736842104,14,0.005482456140350877,0.3333333333333333
1228,2,1,2,9,2,3899577,False,True,True,False,3,3175.551302931596,21,0.0024429967426710096,0.5
3848,4,2,2,17,0,11934002,False,False,True,False,6,3101.351871101871,13,0.0015592515592515593,0.0
3308,3,1,2,26,0,10174711,False,False,True,False,4,3075.789298669891,4,0.0012091898428053204,0.0
1175,4,2,2,21,2,3834451,False,False,False,False,6,3263.3625531914895,9,0.005106382978723404,0.2857142857142857
3965,1,2,2,17,1,12234811,False,False,True,False,3,3085.7026481715006,13,0.0007566204287515763,0.25
3004,1,2,2,2,2,9321103,True,False,True,False,3,3102.897137150466,28,0.0009986684420772304,0.5
3467,5,3,2,19,2,10849647,False,True,False,True,8,3129.4049610614366,11,0.0023074704355350445,0.2222222222222222
3286,5,3,2,26,2,10292831,False,False,True,False,8,3132.328362751065,4,0.002434570906877663,0.2222222222222222
1622,3,2,2,20,2,5292498,False,False,True,False,5,3262.9457459926016,10,0.0030826140567200987,0.3333333333333333
4579,2,3,1,24,0,13972119,True,False,False,True,5,3051.347237388076,6,0.0010919414719371041,0.0
2071,4,1,2,27,1,6639830,False,False,False,True,5,3206.0985031385803,3,0.0024142926122646064,0.16666666666666666
2643,3,1,1,14,2,8079632,True,False,False,False,4,3056.9928111993945,16,0.001513431706394249,0.4
2187,5,2,2,14,1,6917833,False,True,True,False,7,3163.160951074531,16,0.003200731595793324,0.125
4632,4,1,2,3,1,14238864,False,True,False,False,5,3074.020725388601,27,0.001079447322970639,0.16666666666666666
4351,5,2,1,28,1,13267398,False,False,False,False,7,3049.2755688347506,2,0.0016088255573431394,0.125
3940,4,2,2,26,2,12301554,False,False,False,True,6,3122.2218274111674,4,0.0015228426395939086,0.2857142857142857
4266,2,1,1,8,0,13038755,False,False,False,False,3,3056.4357712142523,22,0.0007032348804500703,0.0
2826,3,3,1,26,2,8605706,True,False,True,False,6,3045.189667374381,4,0.0021231422505307855,0.2857142857142857
3414,4,1,1,25,1,10604340,False,False,False,True,5,3106.133567662566,5,0.0014645577035735209,0.16666666666666666
4452,1,1,2,18,1,13620994,False,False,True,False,2,3059.5224618149145,12,0.0004492362982929021,0.3333333333333333
1095,1,2,2,23,0,3358884,False,True,True,False,3,3067.4739726027397,7,0.0027397260273972603,0.0
1228,4,2,2,27,2,4178361,False,False,False,True,6,3402.5741042345276,3,0.004885993485342019,0.2857142857142857
1865,4,2,1,16,1,5822482,False,True,True,False,6,3121.9742627345845,14,0.0032171581769436996,0.14285714285714285
1198,1,3,2,24,1,3702849,False,True,True,False,4,3090.858931552588,6,0.00333889816360601,0.2
895,1,3,2,8,0,3199854,False,False,False,True,4,3575.2558659217875,22,0.004469273743016759,0.0
4671,4,3,2,9,0,14284256,False,True,False,False,7,3058.07236137872,21,0.00149860843502462,0.0
4860,5,2,2,17,2,14971110,True,False,True,False,7,3080.4753086419755,13,0.001440329218106996,0.25
3002,5,2,2,19,1,9390650,False,True,False,True,7,3128.1312458361094,11,0.002331778814123917,0.125
2319,2,2,1,12,2,7173118,False,True,True,False,4,3093.194480379474,18,0.0017248814144027599,0.4
1217,3,3,1,7,1,3959930,False,True,True,False,6,3253.845521774856,23,0.0049301561216105174,0.14285714285714285
3282,5,2,1,6,2,10461707,False,False,True,False,7,3187.601157830591,24,0.0021328458257160268,0.25
4077,1,1,2,16,1,12562801,False,False,False,True,2,3081.383615403483,14,0.0004905567819475104,0.3333333333333333
643,5,1,1,20,2,2240360,False,False,False,False,6,3484.230171073095,10,0.00933125972006221,0.2857142857142857
3640,2,2,1,22,0,10937908,True,False,False,False,4,3004.91978021978,8,0.001098901098901099,0.0
3438,3,1,1,19,1,10546334,False,True,False,True,4,3067.5782431646307,11,0.0011634671320535194,0.2
4136,5,3,1,14,0,12611288,True,False,False,False,8,3049.1508704061894,16,0.0019342359767891683,0.0
3722,1,2,2,0,2,11568398,False,True,False,True,3,3108.1133799032777,30,0.0008060182697474476,0.5
1667,1,2,1,24,1,5057230,False,True,True,False,3,3033.7312537492503,6,0.001799640071985603,0.25
3116,4,3,2,13,1,9670191,False,True,True,False,7,3103.3989088575095,17,0.002246469833119384,0.125
1562,1,1,2,4,2,4814051,True,False,False,False,2,3081.978873239437,26,0.0012804097311139564,0.6666666666666666
2656,3,1,2,10,0,8489715,False,False,False,True,4,3196.428840361446,20,0.0015060240963855422,0.0
3482,3,2,2,15,2,10686737,True,False,True,False,5,3069.1375646180354,15,0.0014359563469270534,0.3333333333333333
3794,1,1,2,1,2,11787140,False,True,False,True,2,3106.7843964153926,29,0.0005271481286241434,0.6666666666666666
1656,1,3,1,7,2,5293251,False,True,False,True,4,3196.407608695652,23,0.0024154589371980675,0.4
1232,4,3,1,10,1,4046975,True,False,True,False,7,3284.882305194805,20,0.005681818181818182,0.125
4830,1,2,2,28,0,14555147,False,True,False,True,3,3013.4879917184267,2,0.0006211180124223603,0.0
1453,4,3,2,17,0,4659508,False,True,True,False,7,3206.818995182381,13,0.004817618719889883,0.0
3039,4,3,2,2,2,9609224,True,False,True,False,7,3161.9690687726224,28,0.002303389272787101,0.25
3824,1,2,1,29,1,11421643,True,False,True,False,3,2986.8313284518827,1,0.0007845188284518828,0.25
3801,2,3,2,25,2,11651967,True,False,False,True,5,3065.500394632991,5,0.0013154433043935806,0.3333333333333333
2042,2,3,1,0,1,6524850,False,True,True,False,5,3195.3232125367285,30,0.002448579823702253,0.16666666666666666
1691,4,3,2,10,1,5553733,False,True,False,True,7,3284.289178001183,20,0.004139562389118865,0.125
3493,1,1,1,15,1,10753003,False,False,True,False,2,3078.443458345262,15,0.000572573718866304,0.3333333333333333
3181,2,2,2,17,1,9867808,False,False,True,False,4,3102.108770826784,13,0.0012574662055957245,0.2
1717,1,2,1,29,0,5028288,True,False,False,False,3,2928.531158998253,1,0.0017472335468841002,0.0
2040,1,2,2,15,1,6338959,False,False,False,False,3,3107.3328431372547,15,0.0014705882352941176,0.25
3736,1,1,1,22,1,11079849,False,True,False,False,2,2965.6983404710923,8,0.0005353319057815846,0.3333333333333333
2886,5,1,1,9,2,9296178,False,False,False,True,6,3221.128898128898,21,0.002079002079002079,0.2857142857142857
4219,1,2,1,17,2,12894136,False,True,False,True,3,3056.2066840483526,13,0.000711068973690448,0.5
1888,5,1,1,5,0,6044740,True,False,True,False,6,3201.6631355932204,25,0.0031779661016949155,0.0
2356,4,2,1,18,2,7364322,True,False,True,False,6,3125.7733446519524,12,0.0025466893039049238,0.2857142857142857
1865,2,1,1,3,1,5849565,False,True,True,False,3,3136.4959785522788,27,0.0016085790884718498,0.25
999,2,3,1,26,2,3227183,False,False,True,False,5,3230.4134134134133,4,0.005005005005005005,0.3333333333333333
2180,2,3,2,12,0,6841132,True,False,False,True,5,3138.1339449541283,18,0.0022935779816513763,0.0
1010,2,2,2,23,2,3168259,True,False,True,False,4,3136.890099009901,7,0.0039603960396039604,0.4
4812,2,1,2,13,2,14852612,False,False,True,False,3,3086.5777223607647,17,0.0006234413965087282,0.5
1824,2,1,2,2,0,5825668,False,False,False,False,3,3193.8969298245615,28,0.001644736842105263,0.0
1655,2,3,2,9,0,5233563,False,True,True,False,5,3162.2737160120846,21,0.0030211480362537764,0.0
2327,4,3,1,5,1,7573227,False,False,True,False,7,3254.5023635582293,25,0.0030081650193382035,0.125
3641,1,1,1,0,2,11293931,False,False,True,False,2,3101.8761329305134,30,0.0005492996429552321,0.6666666666666666
3986,3,1,1,22,1,12351169,False,False,False,True,4,3098.6374811841447,8,0.0010035122930255895,0.2
2310,5,1,1,23,2,7060639,False,True,False,False,6,3056.55367965368,7,0.0025974025974025974,0.2857142857142857
3423,3,1,1,26,2,10377901,False,True,True,False,4,3031.814490213263,4,0.0011685655857434998,0.4
2714,3,1,2,13,1,8343044,True,False,True,False,4,3074.0766396462786,17,0.0014738393515106854,0.2
4686,1,1,2,7,2,14184691,False,True,False,False,2,3027.036064874093,23,0.0004268032437046522,0.6666666666666666
1213,1,2,2,18,2,3763363,True,False,True,False,3,3102.525144270404,12,0.00247320692497939,0.5
4102,1,1,2,13,2,12722694,False,False,False,True,2,3101.5831301803996,17,0.00048756704046806434,0.6666666666666666
4634,2,3,1,9,0,14093582,True,False,True,False,5,3041.3426845058266,21,0.0010789814415192059,0.0
4022,4,2,1,16,1,12455910,True,False,False,True,6,3096.944306315266,14,0.0014917951268025858,0.14285714285714285
4768,2,1,1,8,0,14760844,False,False,False,True,3,3095.8145973154365,22,0.0006291946308724832,0.0
1743,4,3,2,28,1,5410301,True,False,True,False,7,3104.016637980493,2,0.004016064257028112,0.125
4209,4,2,1,5,1,12921329,False,True,False,False,6,3069.928486576384,25,0.0014255167498218105,0.14285714285714285
1581,3,3,2,10,2,5154620,False,True,False,True,6,3260.3542061986086,20,0.003795066413662239,0.2857142857142857
955,3,1,1,24,1,2877224,False,True,False,False,4,3012.8,6,0.004188481675392671,0.2
1394,4,1,1,6,0,4498655,False,True,True,False,5,3227.1556671449066,24,0.003586800573888092,0.0
1884,4,1,2,16,0,6047419,True,False,False,True,5,3209.882696390658,14,0.002653927813163482,0.0
2458,2,1,1,27,0,7361534,True,False,True,False,3,2994.9283970707893,3,0.0012205044751830757,0.0
3572,2,2,1,27,1,10805390,False,False,False,False,4,3025.025195968645,3,0.0011198208286674132,0.2
2496,3,2,2,0,0,7899629,True,False,True,False,5,3164.91546474359,30,0.002003205128205128,0.0
4785,1,3,1,21,1,14450856,True,False,True,False,4,3020.032601880878,9,0.0008359456635318704,0.2
1004,4,1,2,4,0,3481252,True,False,False,True,5,3467.3824701195217,26,0.0049800796812749,0.0
1714,2,3,1,8,0,5547809,False,False,True,False,5,3236.761376896149,22,0.0029171528588098016,0.0
2031,3,2,1,17,1,6265259,False,True,True,False,5,3084.8148695224027,13,0.002461841457410143,0.16666666666666666
3940,2,1,1,23,0,11830655,True,False,True,False,3,3002.7043147208124,7,0.0007614213197969543,0.0
1323,4,1,1,26,2,4352005,False,False,False,True,5,3289.4973544973545,4,0.003779289493575208,0.3333333333333333
1428,4,2,1,20,1,4535629,False,False,False,False,6,3176.2107843137255,10,0.004201680672268907,0.14285714285714285
633,5,2,1,1,1,2382610,False,False,False,False,7,3763.996840442338,29,0.011058451816745656,0.125
2605,1,2,1,28,1,7812184,False,True,True,False,3,2998.9190019193857,2,0.0011516314779270633,0.25
4127,5,2,1,25,2,12692602,True,False,False,True,7,3075.503271141265,5,0.001696147322510298,0.25
2352,3,2,2,10,1,7551945,False,False,True,False,5,3210.860969387755,20,0.0021258503401360546,0.16666666666666666
4675,2,1,2,26,0,13936110,False,True,False,False,3,2980.9860962566845,4,0.0006417112299465241,0.0
3433,3,2,1,27,0,10585073,False,False,False,True,5,3083.3303233323622,3,0.0014564520827264782,0.0
3784,4,1,1,5,0,11752818,False,False,False,False,5,3105.9244186046512,25,0.001321353065539112,0.0
4798,5,1,2,25,1,14634195,False,False,False,False,6,3050.0614839516466,5,0.0012505210504376823,0.14285714285714285
3311,5,2,1,7,0,10514537,False,False,False,True,7,3175.6378737541527,23,0.0021141649048625794,0.0
1750,5,2,1,3,1,5907138,False,False,False,True,7,3375.5074285714286,27,0.004,0.125
4012,3,1,2,17,0,12220328,False,True,True,False,4,3045.9441674975074,13,0.0009970089730807576,0.0
1756,4,2,1,27,2,5434202,True,False,True,False,6,3094.648063781321,3,0.003416856492027335,0.2857142857142857
3876,2,2,1,10,2,11758164,True,False,False,False,4,3033.5820433436534,20,0.0010319917440660474,0.4
3986,2,2,2,4,2,12437743,True,False,False,True,4,3120.356999498244,26,0.0010035122930255895,0.4
4084,3,3,1,14,2,12636659,True,False,False,True,6,3094.1868266405486,16,0.0014691478942213516,0.2857142857142857
1896,5,1,1,27,1,5894155,False,True,True,False,6,3108.731540084388,3,0.0031645569620253164,0.14285714285714285
4137,1,3,2,17,0,12460692,False,True,False,False,4,3012.0116026105875,13,0.0009668842156151801,0.0
3830,3,2,1,1,2,11744845,False,True,False,False,5,3066.539164490862,29,0.0013054830287206266,0.3333333333333333
3203,3,3,2,21,1,10028846,False,False,True,False,6,3131.0789884483297,9,0.0018732438339057135,0.14285714285714285
970,4,2,1,10,2,3480562,False,False,False,True,6,3588.2082474226804,20,0.006185567010309278,0.2857142857142857
1853,2,3,1,25,2,5807036,False,False,True,False,5,3133.856449001619,5,0.002698327037236913,0.3333333333333333
3283,3,2,2,24,1,10029752,True,False,True,False,5,3055.056960097472,6,0.0015229972586049345,0.16666666666666666
3331,3,3,2,12,1,10487233,False,False,True,False,6,3148.373761633143,18,0.0018012608826178324,0.14285714285714285
857,5,3,1,3,0,3054049,True,False,True,False,8,3563.6511085180864,27,0.009334889148191364,0.0
3519,5,3,2,21,0,11135681,False,False,False,True,8,3164.444728616084,9,0.002273373117362887,0.0
1167,1,1,2,6,2,3718818,True,False,True,False,2,3186.6478149100258,24,0.001713796058269066,0.6666666666666666
1645,1,1,1,10,0,5217532,False,False,True,False,2,3171.7519756838906,20,0.0012158054711246201,0.0
4685,5,2,1,21,0,14223636,False,True,False,False,7,3035.9948772678763,9,0.0014941302027748132,0.0
4219,2,3,2,23,1,13074705,False,False,False,True,5,3099.0056885517897,7,0.0011851149561507466,0.16666666666666666
3245,5,2,2,3,0,10215104,False,False,False,False,7,3147.9519260400616,27,0.0021571648690292757,0.0
1039,4,2,2,27,0,3306603,False,True,True,False,6,3182.4860442733398,3,0.005774783445620789,0.0
3279,5,3,2,14,2,10266025,True,False,True,False,8,3130.8401951814576,16,0.002439768222018908,0.2222222222222222
4636,4,1,1,0,0,14324264,False,True,True,False,5,3089.7894736842104,30,0.0010785159620362382,0.0
4275,4,3,2,22,2,13197317,False,True,False,True,7,3087.091695906433,8,0.0016374269005847953,0.25
3008,4,2,1,2,0,9285416,True,False,False,False,6,3086.906914893617,28,0.0019946808510638296,0.0
3279,4,2,2,13,1,10409012,False,False,False,True,6,3174.4470875266848,17,0.0018298261665141812,0.14285714285714285
1424,4,3,1,5,0,4770045,True,False,False,True,7,3349.750702247191,25,0.0049157303370786515,0.0
3456,2,1,1,17,0,10589400,False,False,True,False,3,3064.0625,13,0.0008680555555555555,0.0
2081,1,1,1,24,0,6271270,False,False,False,False,2,3013.584814992792,6,0.0009610764055742432,0.0
3824,3,2,2,0,2,11924069,True,False,True,False,5,3118.218880753138,30,0.001307531380753138,0.3333333333333333
755,4,1,1,5,0,2598644,True,False,True,False,5,3441.912582781457,25,0.006622516556291391,0.0
2338,2,3,2,20,2,7304206,False,False,False,False,5,3124.125748502994,10,0.00213857998289136,0.3333333333333333
2444,5,2,1,15,1,7671468,True,False,True,False,7,3138.89852700491,15,0.0028641571194762683,0.125
509,2,1,2,28,2,1506473,True,False,False,False,3,2959.671905697446,2,0.005893909626719057,0.5
3371,4,2,2,4,2,10598809,False,False,False,False,6,3144.1142094334027,26,0.0017798872738059924,0.2857142857142857
1297,2,3,1,16,1,4069328,False,True,True,False,5,3137.49267540478,14,0.0038550501156515036,0.16666666666666666
1515,2,1,1,9,0,4811784,True,False,False,True,3,3176.0950495049506,21,0.0019801980198019802,0.0
2324,4,2,2,27,2,7305723,False,False,True,False,6,3143.5985370051635,3,0.0025817555938037868,0.2857142857142857
3636,3,2,2,17,0,11244255,True,False,False,True,5,3092.4793729372936,13,0.0013751375137513752,0.0
2693,3,3,2,6,0,8389074,False,True,True,False,6,3115.14073523951,24,0.0022279985146676567,0.0
723,2,3,2,2,1,2615498,True,False,False,True,5,3617.562932226833,28,0.006915629322268326,0.16666666666666666
4658,5,1,1,12,1,14409522,False,True,False,True,6,3093.499785315586,18,0.0012881064834693002,0.14285714285714285
4425,4,3,2,14,1,13671881,False,True,True,False,7,3089.6906214689266,16,0.0015819209039548022,0.125
4500,3,2,1,19,0,13630541,False,True,True,False,5,3029.009111111111,11,0.0011111111111111111,0.0
2133,5,3,1,18,2,6734929,False,True,True,False,8,3157.491326769808,12,0.003750586029067042,0.2222222222222222
2652,2,3,1,2,2,8382028,True,False,False,True,5,3160.6440422322776,28,0.001885369532428356,0.3333333333333333
1010,5,1,1,3,1,3469545,False,False,False,False,6,3435.1930693069307,27,0.005940594059405941,0.14285714285714285
884,1,3,2,4,0,3211569,False,False,False,True,4,3632.9966063348415,26,0.004524886877828055,0.0
904,3,3,1,0,2,3163673,False,False,False,False,6,3499.6382743362833,30,0.00663716814159292,0.2857142857142857
2500,2,2,2,3,1,7960974,False,False,True,False,4,3184.3896,27,0.0016,0.2
3256,4,1,2,11,2,10166899,False,False,False,False,5,3122.511977886978,19,0.0015356265356265355,0.3333333333333333
2168,2,1,1,27,2,6667097,False,False,True,False,3,3075.2292435424356,3,0.0013837638376383763,0.5
1960,4,1,2,26,0,6073144,True,False,True,False,5,3098.542857142857,4,0.002551020408163265,0.0
4136,2,3,2,23,0,12462824,False,True,False,False,5,3013.255319148936,7,0.0012088974854932303,0.0
3224,5,1,1,9,2,10165525,False,False,True,False,6,3153.0784739454093,21,0.0018610421836228288,0.2857142857142857
4678,5,3,2,22,1,14261804,True,False,False,False,8,3048.6968790081232,8,0.0017101325352714834,0.1111111111111111
2548,5,3,2,24,0,8039043,False,False,True,False,8,3155.0404238618526,6,0.0031397174254317113,0.0
4646,1,2,2,20,2,14309846,False,False,False,True,3,3080.0357296599227,10,0.0006457167455876022,0.5
1216,4,2,2,28,0,3935261,False,True,False,True,6,3236.234375,2,0.004934210526315789,0.0
2323,5,2,1,25,0,7169227,False,True,True,False,7,3086.193284545846,5,0.003013344812742144,0.0
2581,1,2,2,19,0,7846028,False,True,True,False,3,3039.9178612940723,11,0.001162340178225494,0.0
3919,4,2,2,23,2,12044383,False,False,False,False,6,3073.330696606277,7,0.0015310028068384791,0.2857142857142857
2074,2,3,2,24,1,6601483,False,False,False,True,5,3182.9715525554484,6,0.0024108003857280617,0.16666666666666666
749,1,3,2,12,1,2474265,False,False,False,False,4,3303.4245660881174,18,0.0053404539385847796,0.2
1173,3,1,1,22,1,3611763,False,True,True,False,4,3079.0818414322252,8,0.0034100596760443308,0.2
2665,1,3,2,13,0,8210652,True,False,True,False,4,3080.9200750469045,17,0.00150093808630394,0.0
1270,1,3,1,22,2,3925733,False,False,False,False,4,3091.1283464566927,8,0.0031496062992125984,0.4
4462,4,2,2,4,0,13977038,False,False,True,False,6,3132.460331689825,26,0.001344688480502017,0.0
2484,3,2,1,13,1,7551247,True,False,False,False,5,3039.954508856683,17,0.002012882447665056,0.16666666666666666
1577,5,1,1,9,2,5324840,False,False,False,True,6,3376.563094483196,21,0.003804692454026633,0.2857142857142857
735,5,1,1,16,0,2580149,True,False,False,True,6,3510.4068027210883,14,0.00816326530612245,0.0
888,1,3,1,9,1,3095058,False,False,False,True,4,3485.425675675676,21,0.0045045045045045045,0.2
3537,4,1,2,25,2,10695929,True,False,False,False,5,3024.0115917444164,5,0.0014136273678258412,0.3333333333333333
2348,4,3,2,6,0,7638171,False,False,True,False,7,3253.0540885860305,24,0.002981260647359455,0.0
3314,5,1,2,15,0,10393164,False,True,False,True,6,3136.1388050694027,15,0.0018105009052504525,0.0
3874,3,2,1,0,1,12073362,False,True,False,True,5,3116.510583376355,30,0.0012906556530717604,0.16666666666666666
3778,2,2,2,16,1,11670489,False,True,False,True,4,3089.0653785071468,14,0.0010587612493382743,0.2
1752,3,2,1,20,0,5440664,False,True,True,False,5,3105.4018264840183,10,0.0028538812785388126,0.0
4481,2,2,1,28,0,13610356,False,False,True,False,4,3037.347913412185,2,0.0008926578888640928,0.0
2622,5,3,2,8,1,8253597,False,True,False,False,8,3147.824942791762,22,0.0030511060259344014,0.1111111111111111
2650,2,1,2,5,0,8166041,True,False,True,False,3,3081.5249056603775,25,0.0011320754716981133,0.0
1829,4,3,1,18,1,5685209,False,True,False,False,7,3108.370147621651,12,0.0038272279934390375,0.125
1858,1,2,1,12,0,5615954,False,True,False,False,3,3022.5801937567276,18,0.0016146393972012918,0.0
2982,1,3,2,2,1,9177869,False,True,False,False,4,3077.756203890007,28,0.0013413816230717639,0.2
2517,5,1,2,6,2,8012059,False,False,False,False,6,3183.1779896702424,24,0.0023837902264600714,0.2857142857142857
1831,4,3,2,21,1,5722864,False,True,False,False,7,3125.5401419989075,9,0.0038230475150191155,0.125
4844,3,1,2,8,1,14926722,True,False,False,True,4,3081.486787778695,22,0.0008257638315441783,0.2
4761,4,3,1,21,2,14510548,False,True,True,False,7,3047.7941608905694,9,0.0014702793530770846,0.25
1858,1,1,2,4,0,5859078,False,True,False,True,2,3153.43272335845,26,0.001076426264800861,0.0
3677,1,1,2,9,2,11096419,False,True,False,False,2,3017.7914060375306,21,0.0005439216752787598,0.6666666666666666
2628,4,2,2,22,1,8109490,True,False,True,False,6,3085.802891933029,8,0.00228310502283105,0.14285714285714285
2680,4,1,1,16,0,8376086,False,True,False,True,5,3125.405223880597,14,0.0018656716417910447,0.0
637,1,2,1,11,2,2199760,True,False,False,True,3,3453.3124018838303,19,0.004709576138147566,0.5
3972,3,2,1,22,0,11926337,True,False,False,False,5,3002.6024672708963,8,0.0012588116817724068,0.0
3332,5,2,1,15,0,10347468,False,True,False,True,7,3105.482593037215,15,0.0021008403361344537,0.0
4079,5,3,2,2,2,12851309,True,False,False,True,8,3150.6028438342732,28,0.001961265015935278,0.2222222222222222
3531,4,3,1,29,0,10999344,False,False,False,True,7,3115.0790144435005,1,0.0019824412347776836,0.0
4664,5,3,2,24,2,14452283,False,True,False,True,8,3098.6884648370497,6,0.0017152658662092624,0.2222222222222222
3093,1,3,2,21,1,9531255,False,True,False,True,4,3081.556741028128,9,0.0012932428063368898,0.2
4800,1,1,2,8,0,14511899,True,False,False,False,2,3023.3122916666666,22,0.0004166666666666667,0.0
4318,4,1,2,28,1,12982718,True,False,False,False,5,3006.650764242705,2,0.001157943492357573,0.16666666666666666
4638,4,3,1,14,1,14368337,False,True,False,True,7,3097.959680896938,16,0.001509271237602415,0.125
4323,4,1,1,4,0,13336841,False,False,False,False,5,3085.089289845015,26,0.0011566042100393246,0.0
4542,3,1,1,22,2,13689548,True,False,False,False,4,3013.9911933069134,8,0.0008806693086745927,0.4
2406,5,2,2,12,0,7621565,True,False,True,False,7,3167.7327514546964,18,0.0029093931837073984,0.0
1260,4,2,2,13,1,4356660,False,False,False,True,6,3457.6666666666665,17,0.004761904761904762,0.14285714285714285
3945,2,2,2,19,1,12055281,False,False,False,False,4,3055.8380228136884,11,0.0010139416983523447,0.2
1399,2,2,2,14,2,4287767,False,True,False,False,4,3064.879914224446,16,0.0028591851322373124,0.4
3447,5,3,1,22,1,10629026,False,True,True,False,8,3083.5584566289526,8,0.0023208587177255585,0.1111111111111111
2219,4,1,2,12,1,7209968,False,False,False,True,5,3249.196935556557,18,0.002253267237494367,0.16666666666666666
780,2,1,1,16,1,2460097,True,False,True,False,3,3153.970512820513,14,0.0038461538461538464,0.25
3766,5,1,2,22,2,11643332,False,True,False,True,6,3091.6972915560277,8,0.0015932023366967605,0.2857142857142857
2387,1,2,2,7,1,7465621,False,True,False,True,3,3127.6166736489317,23,0.0012568077084206116,0.25
3766,3,2,1,20,1,11594870,False,True,False,True,5,3078.828996282528,10,0.0013276686139139671,0.16666666666666666
1166,5,2,1,1,0,4156174,False,False,False,True,7,3564.4716981132074,29,0.006003430531732418,0.0
4688,5,3,2,4,0,14593189,True,False,True,False,8,3112.881612627986,26,0.0017064846416382253,0.0
1171,3,1,2,5,1,3833502,False,True,True,False,4,3273.6994022203244,25,0.0034158838599487617,0.2
2469,5,3,2,11,1,7723674,False,True,False,False,8,3128.2600243013367,19,0.0032401782098015392,0.1111111111111111
4656,1,2,2,17,0,14175260,False,True,False,True,3,3044.5146048109964,13,0.0006443298969072165,0.0
3622,1,3,1,29,2,10888498,False,True,True,False,4,3006.2114853672006,1,0.0011043622308117063,0.4
4400,3,1,2,21,2,13407609,True,False,True,False,4,3047.1838636363636,9,0.0009090909090909091,0.4
1023,4,1,1,21,2,3418464,False,False,True,False,5,3341.607038123167,9,0.004887585532746823,0.3333333333333333
2893,2,2,2,0,2,9180805,True,False,False,True,4,3173.454891116488,30,0.00138264777048047,0.4
3617,4,2,1,29,2,10915919,False,True,False,False,6,3017.9482996958805,1,0.0016588332872546309,0.2857142857142857
3093,5,3,1,16,2,9643469,True,False,True,False,8,3117.8367280957,14,0.0025864856126737797,0.2222222222222222
2468,2,2,2,29,2,7561194,False,True,False,True,4,3063.692868719611,1,0.0016207455429497568,0.4
2253,3,2,1,10,2,7175811,False,False,True,False,5,3185.0026631158457,20,0.0022192632046160675,0.3333333333333333
2796,3,1,2,9,0,8830377,False,False,True,False,4,3158.217811158798,21,0.001430615164520744,0.0
2761,2,2,1,18,2,8486723,False,False,False,False,4,3073.7859471206084,12,0.0014487504527345165,0.4
2786,1,2,2,13,2,8583235,False,True,True,False,3,3080.845297918162,17,0.0010768126346015793,0.5
4702,2,1,1,25,2,14192298,True,False,True,False,3,3018.353466609953,5,0.0006380263717566993,0.5
3378,5,1,2,9,1,10783238,False,False,False,True,6,3192.195973949082,21,0.0017761989342806395,0.14285714285714285
4643,1,3,2,14,0,14161147,False,True,False,True,4,3049.999353866035,16,0.0008615119534783546,0.0
4144,3,2,1,27,0,12460919,False,True,False,False,5,3006.978523166023,3,0.0012065637065637065,0.0
4932,2,1,1,18,0,15035251,True,False,False,True,3,3048.5099351175995,12,0.0006082725060827251,0.0
2555,4,3,1,3,2,8343445,False,False,False,True,7,3265.536203522505,27,0.0027397260273972603,0.25
1776,4,3,1,1,2,5691803,False,True,False,False,7,3204.8440315315315,29,0.003941441441441441,0.25
3266,5,2,2,8,1,10239108,True,False,True,False,7,3135.060624617269,22,0.0021432945499081446,0.125
802,4,2,1,9,0,2718013,False,False,False,False,6,3389.0436408977557,21,0.007481296758104738,0.0
1138,2,3,2,27,2,3689617,True,False,False,True,5,3242.1942003514937,3,0.004393673110720563,0.3333333333333333
555,2,1,1,10,0,1767410,True,False,False,False,3,3184.5225225225226,20,0.005405405405405406,0.0
1025,4,3,2,13,1,3438502,False,True,True,False,7,3354.6360975609755,17,0.006829268292682927,0.125
4623,2,2,2,6,1,14056755,False,True,False,False,4,3040.613238157041,24,0.0008652390222799049,0.2
2625,5,1,2,22,1,8193733,False,True,False,True,6,3121.422095238095,8,0.002285714285714286,0.14285714285714285
3787,1,1,2,14,0,11540479,True,False,False,True,2,3047.3934512806973,16,0.0005281225244256667,0.0
864,5,3,1,21,2,2827361,False,True,False,False,8,3272.408564814815,9,0.009259259259259259,0.2222222222222222
2146,5,2,1,18,2,6719304,True,False,True,False,7,3131.0829450139795,12,0.0032618825722274,0.25
1418,2,3,2,21,1,4319694,True,False,False,False,5,3046.3286318758815,9,0.003526093088857546,0.16666666666666666
3297,1,3,1,14,2,10102171,False,True,True,False,4,3064.049438883834,16,0.001213224143160449,0.4
2031,2,3,1,29,1,6339296,False,False,True,False,5,3121.268340718858,1,0.002461841457410143,0.16666666666666666
3845,3,1,2,27,0,11634490,False,False,False,False,4,3025.875162548765,3,0.0010403120936280884,0.0
2406,2,1,1,23,1,7399252,False,False,True,False,3,3075.3333333333335,7,0.0012468827930174563,0.25
3586,2,2,1,7,0,11044862,True,False,False,True,4,3079.994980479643,23,0.0011154489682097045,0.0
2575,2,2,1,10,1,7864959,True,False,False,False,4,3054.3530097087378,20,0.0015533980582524273,0.2
1213,1,3,2,28,2,3679450,True,False,True,False,4,3033.3470733718054,2,0.0032976092333058533,0.4
1562,2,3,1,8,2,5082022,False,True,False,True,5,3253.5352112676055,22,0.003201024327784891,0.3333333333333333
2476,1,3,2,14,1,7539991,True,False,False,False,4,3045.2306138933764,16,0.0016155088852988692,0.2
1796,4,2,1,0,2,5918927,False,True,False,True,6,3295.6163697104676,30,0.0033407572383073497,0.2857142857142857
625,3,1,1,29,2,2083090,False,True,False,True,4,3332.944,1,0.0064,0.4
4096,1,1,1,0,2,12797853,False,False,False,True,2,3124.475830078125,30,0.00048828125,0.6666666666666666
3783,4,3,2,18,0,11770826,False,False,True,False,7,3111.5056833201165,12,0.0018503832936822627,0.0
2103,1,3,2,2,2,6691879,False,False,False,False,4,3182.0632429862103,28,0.0019020446980504042,0.4
566,1,3,1,9,0,1795265,False,True,False,False,4,3171.84628975265,21,0.007067137809187279,0.0
732,3,3,2,7,1,2588361,False,True,True,False,6,3536.0122950819673,23,0.00819672131147541,0.14285714285714285
2656,5,2,1,14,2,8245990,False,True,False,False,7,3104.664909638554,16,0.0026355421686746986,0.25
1669,5,1,2,9,2,5556787,True,False,False,True,6,3329.411024565608,21,0.0035949670461354103,0.2857142857142857
2658,1,3,2,0,2,8270184,False,True,False,False,4,3111.431151241535,30,0.0015048908954100827,0.4
4706,2,2,1,28,1,14298736,False,False,True,False,4,3038.4054398640033,2,0.0008499787505312367,0.2
1993,4,3,1,17,0,6463530,False,False,False,True,7,3243.1159056698443,13,0.0035122930255895636,0.0
4507,2,3,1,1,0,13869052,False,True,True,False,5,3077.224761482139,29,0.0011093854004881295,0.0
2972,2,1,1,18,2,9143058,False,True,False,True,3,3076.399057873486,12,0.001009421265141319,0.5
3160,1,3,2,12,1,9974094,False,False,False,True,4,3156.358860759494,18,0.0012658227848101266,0.2
3239,1,1,2,21,1,9711255,False,True,False,False,2,2998.2263044149427,9,0.0006174745291756715,0.3333333333333333
2261,1,1,2,0,1,7267886,False,False,False,True,2,3214.4564352056614,30,0.0008845643520566122,0.3333333333333333
4014,1,1,1,1,1,12315721,True,False,True,False,2,3068.1915794718484,29,0.0004982561036372695,0.3333333333333333
2475,5,2,1,28,1,7652387,False,False,False,False,7,3091.8735353535353,2,0.0028282828282828283,0.125
2862,1,2,2,15,0,8697575,True,False,True,False,3,3038.9849755415794,15,0.0010482180293501049,0.0
1376,5,1,1,14,0,4497643,False,True,False,True,6,3268.6359011627906,16,0.00436046511627907,0.0
4312,5,3,2,12,0,13296100,False,True,True,False,8,3083.5111317254173,18,0.0018552875695732839,0.0
3948,1,1,2,15,2,12004356,True,False,True,False,2,3040.6170212765956,15,0.0005065856129685917,0.6666666666666666
1812,3,3,2,16,1,5773856,False,True,False,True,6,3186.454746136865,14,0.0033112582781456954,0.14285714285714285
1960,4,1,2,20,2,6018169,True,False,False,False,5,3070.4943877551023,10,0.002551020408163265,0.3333333333333333
3209,2,3,2,28,1,9715804,False,True,True,False,5,3027.673418510439,2,0.0015581177937052041,0.16666666666666666
2824,5,2,1,28,0,8877790,False,False,False,True,7,3143.693342776204,2,0.002478753541076487,0.0
2233,4,3,1,6,2,6989988,False,True,False,False,7,3130.3125839677564,24,0.003134796238244514,0.25
2105,3,1,1,23,0,6481448,False,False,False,False,4,3079.072684085511,7,0.0019002375296912114,0.0
3063,2,2,2,25,1,9337506,False,False,False,False,4,3048.4838393731634,5,0.001305909239307868,0.2
3921,2,3,2,16,1,12030904,True,False,True,False,5,3068.3254271869423,14,0.0012751849018107625,0.16666666666666666
4017,5,3,2,6,1,12548306,False,True,True,False,8,3123.800348518795,24,0.0019915359721184964,0.1111111111111111
2897,1,3,2,12,0,8853305,True,False,True,False,4,3056.0251984811875,18,0.001380738695201933,0.0
4235,3,3,1,4,1,12924969,False,True,False,False,6,3051.9407319952775,26,0.0014167650531286896,0.14285714285714285
3370,5,3,1,25,0,10452404,False,False,True,False,8,3101.6035608308607,5,0.002373887240356083,0.0
1660,3,2,2,16,2,5458989,False,False,False,True,5,3288.5475903614456,14,0.0030120481927710845,0.3333333333333333
742,1,2,2,2,1,2531305,False,True,True,False,3,3411.4622641509436,28,0.004043126684636119,0.25
3090,1,2,2,6,1,9505983,False,True,True,False,3,3076.3699029126215,24,0.000970873786407767,0.25
1563,5,2,1,25,1,4798462,True,False,False,False,7,3070.0332693538066,5,0.004478566858605247,0.125
4824,1,1,1,16,2,14541360,False,True,True,False,2,3014.378109452736,14,0.00041459369817578774,0.6666666666666666
3095,4,2,1,6,1,9780657,False,True,False,True,6,3160.1476575121164,24,0.0019386106623586429,0.14285714285714285
1419,2,3,2,20,0,4303287,False,True,False,False,5,3032.6194503171246,10,0.0035236081747709656,0.0
505,5,3,2,0,0,2150472,True,False,False,True,8,4258.360396039604,30,0.015841584158415842,0.0
967,3,2,1,16,1,3022313,False,True,False,False,5,3125.4529472595655,14,0.005170630816959669,0.16666666666666666
4670,4,3,2,29,1,14244160,False,False,False,False,7,3050.1413276231265,1,0.0014989293361884369,0.125
503,5,2,1,16,2,1795789,True,False,True,False,7,3570.1570576540757,14,0.013916500994035786,0.25
1145,1,3,2,10,2,3772181,True,False,False,True,4,3294.4812227074235,20,0.0034934497816593887,0.4
617,1,1,1,24,2,1885385,False,False,False,False,2,3055.729335494327,6,0.0032414910858995136,0.6666666666666666
3428,1,1,2,26,1,10486597,False,False,True,False,2,3059.100641773629,4,0.0005834305717619603,0.3333333333333333
3051,1,2,1,28,2,9228641,False,False,False,False,3,3024.7921992789247,2,0.0009832841691248771,0.5
4789,3,2,1,2,2,14631247,False,True,False,False,5,3055.177907705158,28,0.0010440593025683859,0.3333333333333333
1346,4,2,1,14,0,4384673,False,False,False,False,6,3257.5579494799404,16,0.004457652303120356,0.0
3262,2,3,1,28,2,9731544,False,True,False,False,5,2983.3059472716127,2,0.0015328019619865114,0.3333333333333333
1641,3,2,1,20,0,4936275,True,False,False,False,5,3008.08957952468,10,0.0030469226081657527,0.0
2310,3,1,1,10,0,7063248,True,False,False,False,4,3057.683116883117,20,0.0017316017316017316,0.0
1223,2,3,2,25,2,3963550,False,False,True,False,5,3240.8421913327884,5,0.004088307440719542,0.3333333333333333
724,2,2,2,27,0,2145693,False,True,False,False,4,2963.664364640884,3,0.0055248618784530384,0.0
4708,1,3,2,15,1,14533641,False,False,False,True,4,3087.0095581988107,15,0.0008496176720475786,0.2
2548,3,3,1,24,1,7975749,False,False,True,False,6,3130.199764521193,6,0.002354788069073783,0.14285714285714285
2073,2,3,2,27,1,6354605,False,False,False,False,5,3065.414857694163,3,0.00241196333815726,0.16666666666666666
2328,2,1,1,8,0,7274713,True,False,False,True,3,3124.876718213058,22,0.001288659793814433,0.0
2417,4,1,1,23,1,7431390,False,False,False,False,5,3074.633843607778,7,0.002068680182043856,0.16666666666666666
4734,5,3,1,23,2,14417403,False,True,False,False,8,3045.501267427123,7,0.0016899028305872412,0.2222222222222222
2526,5,2,1,0,2,8076466,False,True,True,False,7,3197.3341250989706,30,0.0027711797307996833,0.25
4244,2,3,1,28,0,12735981,True,False,True,False,5,3000.9380301602264,2,0.00117813383600377,0.0
1401,1,1,2,24,2,4122493,False,True,False,False,2,2942.536045681656,6,0.0014275517487508922,0.6666666666666666
2539,4,3,2,21,1,7918218,False,True,True,False,7,3118.636471051595,9,0.0027569909413154787,0.125
509,5,3,2,15,2,2058318,True,False,False,True,8,4043.8467583497054,15,0.015717092337917484,0.2222222222222222
760,2,1,2,8,0,2705335,False,False,True,False,3,3559.6513157894738,22,0.003947368421052632,0.0
2173,5,3,2,18,2,6865984,True,False,True,False,8,3159.6797054763,12,0.0036815462494247586,0.2222222222222222
2719,4,3,1,11,1,8719760,False,False,False,True,7,3206.973151894079,19,0.0025744759102611253,0.125
2560,4,2,1,18,0,7941529,True,False,True,False,6,3102.159765625,12,0.00234375,0.0
4213,3,2,1,21,1,12800524,False,False,False,False,5,3038.3394255874673,9,0.0011868027533823878,0.16666666666666666
2119,2,1,1,8,0,6646402,True,False,False,True,3,3136.5747994336953,22,0.001415762151958471,0.0
820,4,1,2,6,2,2941656,False,False,False,False,5,3587.3853658536586,24,0.006097560975609756,0.3333333333333333
1842,3,1,2,13,0,5871614,True,False,False,True,4,3187.629750271444,17,0.002171552660152009,0.0
2876,3,2,2,28,0,8773891,False,False,False,False,5,3050.7270514603615,2,0.0017385257301808068,0.0
3332,5,1,1,18,2,10217009,True,False,False,False,6,3066.3292316926772,12,0.001800720288115246,0.2857142857142857
3324,5,1,2,18,1,10261832,False,True,True,False,6,3087.193742478941,12,0.0018050541516245488,0.14285714285714285
2494,3,1,1,1,2,7877836,False,False,False,False,4,3158.7153167602246,29,0.0016038492381716118,0.4
3458,5,2,2,8,0,10807953,True,False,True,False,7,3125.4924812030076,22,0.0020242914979757085,0.0
2538,4,3,2,12,2,8217362,False,False,False,True,7,3237.7312844759654,18,0.0027580772261623326,0.25
3990,1,1,1,14,0,12116745,False,False,False,False,2,3036.778195488722,16,0.0005012531328320802,0.0
4177,4,3,1,2,2,12868921,True,False,False,False,7,3080.900406990663,28,0.0016758439071103662,0.25
1618,3,1,2,10,2,5424434,False,False,False,True,4,3352.5550061804697,20,0.002472187886279357,0.4
2104,3,3,2,20,1,6620562,True,False,False,True,6,3146.6549429657794,10,0.0028517110266159697,0.14285714285714285
4527,4,2,1,13,0,13765510,False,True,False,False,6,3040.757676165231,17,0.0013253810470510272,0.0
735,5,2,2,29,1,2701407,False,False,False,True,7,3675.3836734693878,1,0.009523809523809525,0.125
2469,5,1,2,24,0,7584610,False,True,True,False,6,3071.9360064803564,6,0.002430133657351154,0.0
2408,2,2,2,17,0,7609791,False,False,False,True,4,3160.2122093023254,13,0.0016611295681063123,0.0
875,5,1,1,18,1,2943047,False,False,False,False,6,3363.482285714286,12,0.006857142857142857,0.14285714285714285
4030,4,1,2,15,1,12387906,True,False,True,False,5,3073.9220843672456,15,0.0012406947890818859,0.16666666666666666
3135,5,2,1,1,1,9934665,False,True,False,True,7,3168.9521531100477,29,0.0022328548644338117,0.125
2070,4,2,2,7,0,6750246,False,False,True,False,6,3260.988405797101,23,0.002898550724637681,0.0
3060,3,1,1,21,1,9325864,True,False,True,False,4,3047.6679738562093,9,0.00130718954248366,0.2
3891,5,3,2,5,1,12309451,False,False,True,False,8,3163.5700334104345,25,0.0020560267283474686,0.1111111111111111
3465,4,3,1,11,1,10671148,True,False,False,False,7,3079.6963924963925,19,0.00202020202020202,0.125
4143,3,3,2,14,2,12994890,False,False,False,True,6,3136.58942795076,16,0.001448225923244026,0.2857142857142857
4350,2,1,2,24,2,13016794,False,True,False,False,3,2992.366436781609,6,0.000689655172413793,0.5
1372,4,2,2,7,0,4568888,False,True,False,True,6,3330.0932944606416,23,0.004373177842565598,0.0
1752,2,1,2,3,0,5742749,False,False,False,True,3,3277.8247716894975,27,0.0017123287671232876,0.0
1814,2,2,2,14,1,5558531,True,False,False,False,4,3064.23980154355,16,0.002205071664829107,0.2
3398,1,3,2,27,2,10404608,False,False,True,False,4,3061.9799882283696,3,0.0011771630370806356,0.4
577,5,3,2,19,1,2111986,True,False,True,False,8,3660.2876949740034,11,0.01386481802426343,0.1111111111111111
3121,4,2,2,24,1,9852211,False,False,False,True,6,3156.7481576417813,6,0.0019224607497596924,0.14285714285714285
4727,2,2,2,16,2,14334996,True,False,False,False,4,3032.5779564205627,14,0.0008462026655383964,0.4
1100,1,1,1,12,2,3446017,False,True,True,False,2,3132.7427272727273,18,0.0018181818181818182,0.6666666666666666
1565,3,3,1,17,2,5102676,False,False,True,False,6,3260.4958466453672,13,0.0038338658146964857,0.2857142857142857
2636,4,1,2,1,0,8369560,False,True,False,True,5,3175.0986342943856,29,0.0018968133535660092,0.0
2949,2,1,1,12,0,9101401,False,True,False,True,3,3086.266870125466,18,0.001017293997965412,0.0
2843,5,1,2,12,1,8939468,False,False,False,False,6,3144.3784734435458,18,0.002110446711220542,0.14285714285714285
2363,1,3,2,21,0,7431463,False,False,False,True,4,3144.9272111722385,9,0.0016927634363097758,0.0
1818,2,1,1,14,2,5605663,True,False,True,False,3,3083.42299229923,16,0.0016501650165016502,0.5
4097,5,1,2,19,2,12619706,True,False,True,False,6,3080.230900659019,11,0.001464486209421528,0.2857142857142857
4262,2,1,2,28,0,12824773,False,True,True,False,3,3009.0973721257624,2,0.0007038948850305022,0.0
2690,4,1,1,26,1,8183123,True,False,True,False,5,3042.053159851301,4,0.0018587360594795538,0.16666666666666666
1492,4,1,1,9,1,4720346,True,False,False,False,5,3163.770777479893,21,0.003351206434316354,0.16666666666666666
3212,4,1,2,28,0,9775718,False,False,False,False,5,3043.4987546699876,2,0.001556662515566625,0.0
2692,1,3,1,2,1,8468637,True,False,False,True,4,3145.853268945022,28,0.0014858841010401188,0.2
1748,4,1,1,18,1,5504028,False,True,False,True,5,3148.757437070938,12,0.002860411899313501,0.16666666666666666
3554,5,2,2,2,1,11264370,True,False,False,True,7,3169.490714687676,28,0.0019696117051209903,0.125
4533,2,1,1,21,2,13596599,False,True,False,False,3,2999.4703287006396,9,0.0006618133686300463,0.5
2497,3,1,1,13,2,7838397,False,False,True,False,4,3139.125750901081,17,0.0016019223067681217,0.4
4187,5,3,2,7,0,13106406,False,True,False,True,8,3130.261762598519,23,0.0019106759016001911,0.0
2651,5,3,1,26,2,8210657,True,False,True,False,8,3097.192380233874,4,0.003017729158807997,0.2222222222222222
4518,4,2,1,22,1,14021560,False,False,False,True,6,3103.4882691456396,8,0.0013280212483399733,0.14285714285714285
3610,1,2,2,29,2,10933503,True,False,False,True,3,3028.6711911357343,1,0.0008310249307479224,0.5
2470,2,3,2,3,0,8004943,False,False,False,True,5,3240.8676113360325,27,0.0020242914979757085,0.0
697,1,3,2,26,2,2466839,False,False,False,True,4,3539.2238163558104,4,0.005738880918220947,0.4
3126,2,1,1,27,1,9530674,True,False,False,True,3,3048.840051183621,3,0.0009596928982725527,0.25
1702,2,3,2,19,1,5281345,True,False,True,False,5,3103.0229142185663,11,0.002937720329024677,0.16666666666666666
2535,1,2,2,10,0,8045390,False,False,False,True,3,3173.723865877712,20,0.001183431952662722,0.0
977,5,1,1,25,2,3336041,False,False,True,False,6,3414.5762538382805,5,0.006141248720573183,0.2857142857142857
1754,2,2,2,10,2,5451557,True,False,False,False,4,3108.0712656784494,20,0.002280501710376283,0.4
1422,1,1,2,26,2,4421054,False,True,False,True,2,3109.0393811533054,4,0.0014064697609001407,0.6666666666666666
919,2,3,2,29,1,2808906,True,False,True,False,5,3056.480957562568,1,0.00544069640914037,0.16666666666666666
2704,3,2,2,10,0,8442167,False,False,False,False,5,3122.103180473373,20,0.0018491124260355029,0.0
3097,5,1,1,1,2,9598961,True,False,False,False,6,3099.438488860187,29,0.0019373587342589602,0.2857142857142857
1620,4,1,2,29,1,4876140,False,True,False,False,5,3009.962962962963,1,0.0030864197530864196,0.16666666666666666
3568,2,3,2,16,1,10942701,True,False,True,False,5,3066.9005044843047,14,0.0014013452914798206,0.16666666666666666
1450,3,3,1,8,1,4947567,False,False,False,True,6,3412.115172413793,22,0.004137931034482759,0.14285714285714285
2836,4,3,2,27,2,8878664,True,False,False,True,7,3130.6995768688294,3,0.002468265162200282,0.25
2743,4,2,1,27,2,8580199,False,False,True,False,6,3128.0346336128327,3,0.002187386073641998,0.2857142857142857
3145,2,1,1,1,2,10034764,False,False,False,True,3,3190.703974562798,29,0.0009538950715421304,0.5
2357,1,3,1,28,2,7142218,True,False,True,False,4,3030.215528213831,2,0.0016970725498515061,0.4
2365,2,2,2,23,2,7525729,False,False,False,True,4,3182.126427061311,7,0.0016913319238900633,0.4
3412,3,2,1,14,2,10514561,False,False,False,False,5,3081.641559202814,16,0.0014654161781946073,0.3333333333333333
3353,4,2,1,15,2,10449568,False,True,False,True,6,3116.4831494184314,15,0.001789442290486132,0.2857142857142857
3728,2,3,1,24,2,11337302,False,True,True,False,5,3041.12178111588,6,0.0013412017167381974,0.3333333333333333
4219,1,3,2,3,2,13032380,False,True,True,False,4,3088.9736904479732,27,0.0009480919649205973,0.4
3728,2,1,2,7,1,11388968,False,True,False,False,3,3054.980686695279,23,0.0008047210300429185,0.25
2871,5,1,2,8,2,9162504,False,False,True,False,6,3191.398119122257,22,0.0020898641588296763,0.2857142857142857
3391,1,3,2,25,0,10330146,True,False,False,True,4,3046.342081981716,5,0.0011795930404010617,0.0
4256,3,2,2,25,1,13168297,False,False,False,True,5,3094.0547462406016,5,0.001174812030075188,0.16666666666666666
4725,4,2,2,4,2,14701394,False,False,False,False,6,3111.4061375661377,26,0.0012698412698412698,0.2857142857142857
594,2,2,2,15,0,2140607,False,False,True,False,4,3603.715488215488,15,0.006734006734006734,0.0
3174,1,1,1,12,2,9528939,True,False,False,False,2,3002.186200378072,18,0.000630119722747322,0.6666666666666666
2455,5,2,1,29,0,7665467,False,True,False,True,7,3122.389816700611,1,0.0028513238289205704,0.0
1293,1,1,1,6,0,4089715,False,False,False,False,2,3162.9659706109824,24,0.0015467904098994587,0.0
2334,5,1,1,25,0,7316460,False,False,True,False,6,3134.7300771208224,5,0.002570694087403599,0.0
2616,3,2,2,19,0,7964576,False,True,False,False,5,3044.5626911314985,11,0.00191131498470948,0.0
4606,4,2,1,16,1,14246222,False,False,True,False,6,3092.970473295701,14,0.0013026487190620929,0.14285714285714285
3825,3,3,1,2,1,11817666,True,False,True,False,6,3089.585882352941,28,0.001568627450980392,0.14285714285714285
3419,2,3,1,4,0,10809119,False,False,False,True,5,3161.48552208248,26,0.0014624159110851126,0.0
3097,1,2,1,18,2,9636321,False,False,False,True,3,3111.501775912173,12,0.0009686793671294801,0.5
3705,5,1,2,11,0,11516779,False,True,False,True,6,3108.442375168691,19,0.0016194331983805667,0.0
1314,5,1,2,28,1,4255186,False,False,True,False,6,3238.345509893455,2,0.0045662100456621,0.14285714285714285
845,1,1,2,26,2,2591459,False,False,False,False,2,3066.8153846153846,4,0.002366863905325444,0.6666666666666666
2849,1,1,1,6,1,8763246,True,False,True,False,2,3075.902421902422,24,0.000702000702000702,0.3333333333333333
862,2,1,2,27,1,2783755,False,True,False,True,3,3229.4141531322507,3,0.0034802784222737818,0.25
2943,3,3,1,8,2,9224057,False,True,False,True,6,3134.2361535847776,22,0.0020387359836901123,0.2857142857142857
2765,5,2,2,27,0,8425663,True,False,False,False,7,3047.2560578661846,3,0.002531645569620253,0.0
2688,2,3,2,5,0,8602733,False,False,False,True,5,3200.4215029761904,25,0.0018601190476190475,0.0
3505,3,1,2,28,0,10664157,False,True,False,True,4,3042.5554921540656,2,0.0011412268188302425,0.0
3781,2,1,2,25,0,11488030,False,True,False,True,3,3038.3575773604866,5,0.0007934408886537953,0.0
1484,5,1,2,16,2,4811613,False,False,False,False,6,3242.326819407008,14,0.004043126684636119,0.2857142857142857
2139,1,1,1,15,2,6710028,False,False,True,False,2,3136.992987377279,15,0.0009350163627863488,0.6666666666666666
1327,1,2,2,22,2,4227282,False,True,False,True,3,3185.5930670685757,8,0.002260738507912585,0.5
3230,3,1,1,2,1,10015188,False,False,False,False,4,3100.677399380805,28,0.001238390092879257,0.2
4031,4,2,1,20,2,12412680,False,True,False,True,6,3079.305383279583,10,0.0014884644008930786,0.2857142857142857
4951,3,1,1,25,0,14983119,False,False,False,False,4,3026.281357301555,5,0.0008079175924055746,0.0
3435,4,2,1,3,1,10969400,False,False,False,True,6,3193.420669577875,27,0.0017467248908296944,0.14285714285714285
4376,2,3,1,9,0,13273718,True,False,False,False,5,3033.299360146252,21,0.0011425959780621572,0.0
626,2,1,2,4,0,2384445,False,False,False,True,3,3809.017571884984,26,0.004792332268370607,0.0
3677,5,2,2,20,2,11316796,True,False,True,False,7,3077.7253195539843,10,0.0019037258634756595,0.25
3556,4,3,2,21,2,11215218,False,False,False,True,7,3153.8858267716537,9,0.001968503937007874,0.25
1103,5,1,2,29,0,3368131,False,True,False,False,6,3053.6092475067994,1,0.005439709882139619,0.0
3949,1,1,1,9,0,12035123,False,True,False,True,2,3047.638136237022,21,0.0005064573309698658,0.0
4646,4,1,2,11,1,14366222,False,False,True,False,5,3092.1700387430046,19,0.001076194575979337,0.16666666666666666
4033,3,2,2,9,2,12663074,False,False,False,True,5,3139.8646169104886,21,0.001239771881973717,0.3333333333333333
3867,1,2,1,28,1,11470825,False,True,False,False,3,2966.336953710887,2,0.0007757951900698216,0.25
3868,1,3,1,12,1,11820839,False,False,False,False,4,3056.059720785936,18,0.001034126163391934,0.2
4297,3,2,2,10,1,13219322,True,False,True,False,5,3076.4072608796837,20,0.0011636025133814289,0.16666666666666666
2292,1,2,2,21,0,6862321,True,False,False,False,3,2994.0318499127397,9,0.0013089005235602095,0.0
3361,4,1,1,15,1,10472174,True,False,False,True,5,3115.791133591193,15,0.001487652484379649,0.16666666666666666
3976,5,1,2,7,1,12413988,True,False,False,True,6,3122.2303822937624,23,0.0015090543259557343,0.14285714285714285
3917,1,1,2,7,0,12026507,True,False,False,True,2,3070.3362267041102,23,0.0005105948429920858,0.0
2145,4,1,2,26,2,6724244,False,False,False,False,5,3134.8456876456876,4,0.002331002331002331,0.3333333333333333
1705,2,1,2,24,2,5523644,False,False,False,True,3,3239.673900293255,6,0.0017595307917888563,0.5
3530,4,1,1,7,1,11055251,True,False,False,True,5,3131.799150141643,23,0.00141643059490085,0.16666666666666666
3372,5,1,1,12,0,10639806,False,False,False,True,6,3155.3398576512454,18,0.0017793594306049821,0.0
3572,4,3,1,26,2,11062901,False,False,True,False,7,3097.1167413213884,4,0.001959686450167973,0.25
2354,3,3,2,1,1,7359043,True,False,False,False,6,3126.1864910790146,29,0.002548853016142736,0.14285714285714285
4521,5,3,2,29,1,13888761,False,False,False,False,8,3072.0550763105507,1,0.0017695200176952002,0.1111111111111111
3208,2,3,2,29,0,9713752,False,False,False,False,5,3027.977556109726,1,0.0015586034912718205,0.0
4002,3,1,2,11,1,12444993,False,False,True,False,4,3109.693403298351,19,0.0009995002498750624,0.2
1832,4,3,2,9,2,5808616,True,False,False,False,7,3170.64192139738,21,0.003820960698689956,0.25
701,5,1,1,11,0,2565127,False,False,True,False,6,3659.2396576319543,19,0.008559201141226819,0.0
4007,2,3,2,10,2,12355777,False,True,True,False,5,3083.5480409283755,20,0.0012478163214374844,0.3333333333333333
4712,3,2,2,14,2,14276453,False,True,False,False,5,3029.8075127334464,16,0.0010611205432937182,0.3333333333333333
1074,2,3,1,15,2,3567432,True,False,False,True,5,3321.631284916201,15,0.004655493482309125,0.3333333333333333
1036,4,3,2,16,1,3575362,False,True,False,True,7,3451.1216216216217,14,0.006756756756756757,0.125
2125,2,1,1,25,1,6275976,True,False,False,False,3,2953.4004705882353,5,0.001411764705882353,0.25
2622,1,3,1,1,2,8125122,False,True,False,False,4,3098.8260869565215,29,0.0015255530129672007,0.4
885,3,2,1,17,2,2895404,False,True,True,False,5,3271.6429378531075,13,0.005649717514124294,0.3333333333333333
3781,2,1,1,11,0,11434932,False,True,False,False,3,3024.314202591907,19,0.0007934408886537953,0.0
974,4,1,1,18,0,3159170,True,False,True,False,5,3243.5010266940453,12,0.00513347022587269,0.0
917,4,3,2,25,1,2918707,True,False,False,False,7,3182.886586695747,5,0.007633587786259542,0.125
4100,2,1,1,22,1,12659647,False,False,False,True,3,3087.718780487805,8,0.0007317073170731707,0.25
1454,4,1,1,17,0,4645688,True,False,False,True,5,3195.108665749656,13,0.0034387895460797797,0.0
1705,5,1,2,29,2,5261840,False,True,False,False,6,3086.123167155425,1,0.0035190615835777126,0.2857142857142857
4620,5,1,2,16,1,14223789,False,True,True,False,6,3078.742207792208,14,0.0012987012987012987,0.14285714285714285
2490,5,1,1,29,2,7786516,True,False,False,True,6,3127.114859437751,1,0.0024096385542168677,0.2857142857142857
4072,1,1,2,5,0,12378017,True,False,True,False,2,3039.788064833006,25,0.0004911591355599214,0.0
4880,2,2,2,24,1,14617957,True,False,False,False,4,2995.4829918032788,6,0.000819672131147541,0.2
4658,1,3,1,14,1,14138792,False,False,False,False,4,3035.3782739373123,16,0.0008587376556462001,0.2
3213,4,2,1,2,0,10124982,False,True,False,True,6,3151.2549019607845,28,0.0018674136321195146,0.0
2703,1,1,2,5,1,8352237,False,False,False,False,2,3089.9877913429523,25,0.0007399186089530152,0.3333333333333333
3620,4,1,1,2,0,11461586,False,False,False,True,5,3166.1839779005527,28,0.0013812154696132596,0.0
1466,4,3,1,29,1,4589787,False,True,True,False,7,3130.8233287858116,1,0.0047748976807639835,0.125
3932,3,2,2,28,0,11975252,False,True,False,True,5,3045.587995930824,2,0.001271617497456765,0.0
1188,5,3,1,0,1,4124707,True,False,False,True,8,3471.9755892255894,30,0.006734006734006734,0.1111111111111111
4743,4,2,1,29,2,14363206,True,False,True,False,6,3028.2955935062196,1,0.001265022137887413,0.2857142857142857
4201,3,1,1,12,2,13137276,False,False,False,True,4,3127.1782908831233,18,0.0009521542489883361,0.4
841,5,3,1,27,2,2826543,True,False,False,True,8,3360.9310344827586,3,0.009512485136741973,0.2222222222222222
2224,4,3,1,20,1,6816135,True,False,False,False,7,3064.8089028776976,10,0.003147482014388489,0.125
4922,4,1,2,25,1,14931031,False,True,True,False,5,3033.5292563998373,5,0.0010158472165786266,0.16666666666666666
2292,1,3,2,13,2,7198929,False,True,False,True,4,3140.8939790575914,17,0.0017452006980802793,0.4
2259,1,2,1,12,2,6962747,True,False,True,False,3,3082.2253209384685,18,0.0013280212483399733,0.5
3712,5,2,2,26,0,11373851,False,True,True,False,7,3064.076239224138,4,0.0018857758620689656,0.0
1489,4,2,1,3,0,4942311,True,False,False,True,6,3319.214909335124,27,0.004029550033579583,0.0
2762,2,2,1,6,0,8441867,False,True,False,False,4,3056.432657494569,24,0.001448225923244026,0.0
2982,1,1,1,21,2,9034780,False,True,True,False,2,3029.7719651240777,9,0.0006706908115358819,0.6666666666666666
1451,5,3,1,9,2,4890196,False,True,False,True,8,3370.224672639559,21,0.005513439007580979,0.2222222222222222
1222,4,2,1,6,2,4069705,False,True,True,False,6,3330.364157119476,24,0.004909983633387889,0.2857142857142857
3889,4,1,2,20,0,11784894,True,False,False,False,5,3030.314733864747,10,0.0012856775520699408,0.0
2579,2,3,2,14,1,8074640,False,False,False,False,5,3130.918960837534,16,0.0019387359441644049,0.16666666666666666
3217,5,3,1,14,2,9895591,False,True,False,False,8,3076.0307740130556,16,0.0024867889337892445,0.2222222222222222
2832,4,1,2,3,1,9043247,True,False,False,True,5,3193.236935028249,27,0.0017655367231638418,0.16666666666666666
3876,1,1,1,22,1,11746893,True,False,False,True,2,3030.6741486068113,8,0.0005159958720330237,0.3333333333333333
2000,2,2,2,22,1,5990727,False,True,False,False,4,2995.3635,8,0.002,0.2
785,5,3,1,5,0,3006359,False,False,False,True,8,3829.7566878980892,25,0.01019108280254777,0.0
3995,2,3,2,23,1,12038822,False,True,False,False,5,3013.472340425532,7,0.0012515644555694619,0.16666666666666666
2565,1,1,1,19,2,7903534,True,False,False,True,2,3081.2998050682263,11,0.0007797270955165692,0.6666666666666666
1268,5,3,1,25,0,4044929,False,False,False,False,8,3190.007097791798,5,0.006309148264984227,0.0
3557,2,2,2,4,2,11021091,True,False,True,False,4,3098.423109361822,26,0.001124543154343548,0.4
4789,3,3,2,19,2,14567378,False,True,False,False,6,3041.8413029860094,11,0.001252871163082063,0.2857142857142857
2661,1,1,1,11,0,8116519,False,False,False,False,2,3050.176249530252,19,0.000751597143930853,0.0
3793,1,1,2,0,2,11746393,True,False,False,True,2,3096.860796203533,30,0.0005272871078302136,0.6666666666666666
1446,1,2,1,27,2,4442318,True,False,False,True,3,3072.142461964039,3,0.002074688796680498,0.5
3835,3,2,2,7,0,11949531,True,False,False,True,5,3115.9142112125164,23,0.001303780964797914,0.0
4650,3,3,2,0,2,14554192,False,True,False,True,6,3129.9337634408603,30,0.0012903225806451613,0.2857142857142857
1981,4,3,1,4,1,6600934,False,False,False,True,7,3332.1221605249875,26,0.0035335689045936395,0.125
2401,2,1,2,21,2,7474103,False,True,False,True,3,3112.912536443149,9,0.0012494793835901709,0.5
3951,4,2,2,5,1,12241840,False,True,True,False,6,3098.415590989623,25,0.0015186028853454822,0.14285714285714285
4564,2,2,1,28,2,13691367,False,True,False,False,4,2999.861305872042,2,0.0008764241893076249,0.4
554,3,2,2,20,0,1865265,False,False,False,False,5,3366.9043321299637,10,0.009025270758122744,0.0
2323,3,3,1,2,0,7184424,False,True,False,False,6,3092.735256134309,28,0.002582866982350409,0.0
3962,4,2,1,14,2,12156625,False,True,True,False,6,3068.3051489146897,16,0.001514386673397274,0.2857142857142857
3579,5,1,1,4,0,11046622,False,True,False,False,6,3086.510757194747,26,0.0016764459346186086,0.0
1332,4,1,1,27,2,4115187,False,True,True,False,5,3089.4797297297296,3,0.0037537537537537537,0.3333333333333333
4908,2,3,1,23,0,14809929,True,False,True,False,5,3017.507946210269,7,0.0010187449062754685,0.0
3306,4,3,2,13,1,10289892,False,True,True,False,7,3112.49001814882,17,0.002117362371445856,0.125
2990,1,2,1,17,2,8960539,True,False,False,False,3,2996.835785953177,13,0.001003344481605351,0.5
827,2,3,1,15,1,2687630,False,True,True,False,5,3249.8548972188632,15,0.006045949214026602,0.16666666666666666
3810,2,1,2,5,1,11800639,False,False,False,False,3,3097.2805774278213,25,0.0007874015748031496,0.25
3800,5,2,2,24,2,11633410,True,False,False,False,7,3061.4236842105265,6,0.0018421052631578947,0.25
4175,3,1,2,23,1,12734215,True,False,False,True,4,3050.111377245509,7,0.0009580838323353293,0.2
3554,2,2,1,13,2,10961385,True,False,False,True,4,3084.238885762521,17,0.0011254924029262803,0.4
2643,3,3,1,26,1,8106580,True,False,True,False,6,3067.1888006053728,4,0.0022701475595913734,0.14285714285714285
1811,4,2,1,23,2,5820462,False,False,True,False,6,3213.9491993373827,7,0.0033130866924351186,0.2857142857142857
3691,1,2,2,7,2,11280037,False,True,False,False,3,3056.0923868870227,23,0.000812787862367922,0.5
3038,5,1,1,28,0,9299310,True,False,True,False,6,3060.997366688611,2,0.0019749835418038184,0.0
4483,3,1,2,6,2,13914008,False,False,True,False,4,3103.7269685478473,24,0.0008922596475574393,0.4
664,2,2,1,7,2,2160928,True,False,False,False,4,3254.409638554217,23,0.006024096385542169,0.4
4777,3,3,2,12,1,14684096,False,True,True,False,6,3073.9158467657526,18,0.0012560184216035169,0.14285714285714285
1322,2,3,1,5,2,4325876,True,False,True,False,5,3272.2208774583964,25,0.0037821482602118004,0.3333333333333333
1443,3,1,1,17,0,4503976,False,False,False,False,4,3121.258489258489,13,0.002772002772002772,0.0
4925,2,3,1,1,1,14992626,False,True,False,False,5,3044.1880203045685,29,0.0010152284263959391,0.16666666666666666
1274,4,1,2,7,1,4480256,False,False,False,True,5,3516.684458398744,23,0.003924646781789639,0.16666666666666666
2698,2,3,2,10,0,8273789,False,True,False,False,5,3066.6378799110453,20,0.0018532246108228317,0.0
3656,2,2,1,0,1,11342700,False,True,False,True,4,3102.4890590809628,30,0.0010940919037199124,0.2
4742,1,1,1,21,1,14269645,False,True,True,False,2,3009.2039223956135,9,0.00042176296921130323,0.3333333333333333
4195,2,1,1,28,1,12518396,True,False,False,False,3,2984.1230035756853,2,0.0007151370679380214,0.25
3952,1,2,2,5,1,12123526,False,False,False,False,3,3067.693825910931,25,0.0007591093117408907,0.25
1414,5,1,1,15,0,4551500,False,False,False,False,6,3218.882602545969,15,0.004243281471004243,0.0
1808,1,3,1,26,0,5612049,False,False,True,False,4,3104.0094026548672,4,0.0022123893805309734,0.0
4677,4,3,1,19,1,14414366,False,True,False,True,7,3081.968355783622,11,0.0014966859097712208,0.125
1013,1,1,1,11,1,3199317,True,False,True,False,2,3158.259624876604,19,0.0019743336623889436,0.3333333333333333
2420,5,3,2,10,0,7689117,False,True,True,False,8,3177.321074380165,20,0.003305785123966942,0.0
4094,4,1,2,28,0,12468096,False,False,False,False,5,3045.455788959453,2,0.0012212994626282364,0.0
1909,3,2,1,26,0,5874910,True,False,False,True,5,3077.4803562074385,4,0.0026191723415400735,0.0
3690,3,1,1,28,1,11161383,True,False,True,False,4,3024.7650406504067,2,0.001084010840108401,0.2
2055,1,3,2,2,2,6655248,False,False,True,False,4,3238.563503649635,28,0.0019464720194647203,0.4
1304,5,2,1,12,0,4266656,True,False,True,False,7,3271.9754601226996,18,0.005368098159509203,0.0
1779,5,3,2,26,1,5468951,True,False,False,False,8,3074.1714446318156,4,0.004496908375491849,0.1111111111111111
4077,2,1,2,2,0,12436212,False,True,False,False,3,3050.334069168506,28,0.0007358351729212656,0.0
3401,5,3,1,14,1,10688701,False,True,False,True,8,3142.811231990591,16,0.0023522493384298734,0.1111111111111111
1887,2,1,2,15,0,5850888,True,False,True,False,3,3100.6295707472177,15,0.001589825119236884,0.0
3261,4,1,2,28,1,9858282,True,False,False,False,5,3023.085556577737,2,0.0015332720024532351,0.16666666666666666
3179,1,2,1,12,2,9651533,False,True,False,False,3,3036.027996225228,18,0.0009436929852154766,0.5
2606,4,2,1,16,2,8189954,False,True,False,True,6,3142.7298541826553,14,0.0023023791250959325,0.2857142857142857
4723,5,2,2,2,0,14778719,False,True,False,True,7,3129.0957018843956,28,0.0014821088291340249,0.0
3268,4,2,1,19,1,10042804,False,False,False,False,6,3073.0734394124847,11,0.0018359853121175031,0.14285714285714285
